RuleName,Description,Severity,Query Frequency,Query Period,Req. modification,Rule ID,Type Of Rule,SOC Status,Scope,LastUpdate
Active Directory Certificate Services,Detections for monitoring events and statuses of Certification Authorities (CA) in Active Directory environments.,,,,,,,,Signpost,2024-02-18
Active Directory Federation Services,Detections for monitoring federated logins and securing Active Directory environments.,,,,,,,,Signpost,2023-03-16
Active Directory reports,Detections for monitoring events and activities in Active Directory reports.,,,,,,,,Signpost,2025-03-25
Azure Activity,Detections for monitoring activities and changes in Azure services and environments.,,,,,,,,Signpost,2026-06-18
Azure DevOps,Detections for monitoring activities and changes in Azure DevOps projects and teams.,,,,,,,,Signpost,2023-08-07
Azure Key Vault,Detections for monitoring access and changes in Azure Key Vault.,,,,,,,,Signpost,2023-04-27
Business Central,Detections for monitoring events and activities in Business Central app.,,,,,,,,Signpost,2025-07-17
Fortinet,Detections for monitoring events and statuses of Fortinet devices.,,,,,,,,Signpost,2026-04-08
Google Workspace,Detections for monitoring events and activities of Google Workspace (formerly G Suite) environmnets.,,,,,,,,Signpost,2025-06-06
Lepide,Detections for monitoring events and activities in environments with Lepide auditing tools.,,,,,,,,Signpost,2023-03-16
Microsoft 365 Copilot,Detections for monitoring events and activities in Microsoft 365 Copilot.,,,,,,,,Signpost,2026-06-11
Microsoft Defender for Cloud,Detections for monitoring threats and events in cloud environments with Microsoft Defender.,,,,,,,,Signpost,2023-06-07
Microsoft Defender XDR,Detections for monitoring threats and events in endpoints with Microsoft Defender XDR.,,,,,,,,Signpost,2026-06-08
Microsoft Entra ID,"Detections for monitoring logins, access management, and changes in Microsoft Entra ID ( previously known as Azure AD).",,,,,,,,Signpost,2026-07-16
Microsoft Purview Information Protection,Detections for monitoring access and data protection in Microsoft Purview.,,,,,,,,Signpost,2023-03-16
Microsoft VPN,Detections for monitoring logins and activities in Microsoft VPN environments.,,,,,,,,Signpost,2023-03-16
Office Activity,Detections for monitoring activities and changes in Office applications and services.,,,,,,,,Signpost,2026-07-27
System Center Configuration Manager,Detections for monitoring statuses and events in System Center Configuration Manager environments.,,,,,,,,Signpost,2023-03-16
Sentinel,Detections for monitoring and analyzing events in Microsoft Sentinel.,,,,,,,,Signpost,2026-06-08
Veeam Backup & Replication,Detections for monitoring and analyzing events of Veeam Backup & Replication,,,,,,,,Signpost,2026-03-31
Windows Security Events,Detections for monitoring security events in Windows environments.,,,,,,,,Signpost,2026-07-02
Zyxel,Detections for monitoring events and statuses of Zyxel devices.,,,,,,,,Signpost,2026-05-07
ADCS-001 - Cert Authority archived a key,"The rule detects if key is archived. This event is monitored to detect anomalous and malicious activity, and to prevent privilege abuse. Verify that approvment is a valid operation.",Low,PT10M,PT10M,Watchlist (CertAuthorities).,adcs69bb-bb08-1001-2023-dkjz81mk1088,Custom,,ADCS,
ADCS-002 - Cert Authority audit filter changed,The rule identifies if the audit filter for Certificate Services changed. May indicate an attacker disabling monitoring in an attempt to cover their tracks prior to certificate activities.,High,PT10M,PT10M,Watchlist (CertAuthorities).,adcs26df-bff6-1511-2022-d99090mk1088,Custom,,ADCS,
ADCS-003 - Certificate imported into database,The rule detects if certificate imported into its database The imported certificate attributes should be verified. Also verify the legitimacy of this operation.,Low,PT30M,PT30M,Watchlist (CertAuthorities).,adcs142b-r2d2-1001-2023-9bfd09mk1088,Custom,,ADCS,
ADCS-004 - Certificate manager settings changed,"The rule identifies if the certificate manager for Certificate Services changed. This action may indicate tampering with permissions with make users able to enroll on behalf of other users, commonly used to issue smart card certificates.",High,PT10M,PT10M,Watchlist (CertAuthorities).,adcs1b33-ig44-1512-2022-6e3ed8mk1088,Custom,,ADCS,
ADCS-005 - Certificate request attribute changed,"The rule detects if certificate request attributes changed This event is monitored for anomalies and malicious activities, and for the possibility of restricted users and computers changing the attributes of a certificate request. This event should also be monitored for privilege abuse actions as well. Verify that approvment is a valid operation.",Low,PT30M,PT30M,Watchlist (CertAuthorities).,adcs111c-hk47-1001-2023-333c81mk1088,Custom,,ADCS,
ADCS-006 - Certificate request extension change,The rule detects if a certificate request extension changed. Changes in this category of object access events need to be monitored for possible privilege abuse and malicious activities. Verify that approvment is a valid operation.,Low,PT30M,PT30M,Watchlist (CertAuthorities).,adcs648a-hk47-0901-2023-da5c81mk1088,Custom,,ADCS,
ADCS-007 - CRL not been published,"The rule identifies if the CRL is published in the defined time period (threshold). Certificate revocation list (or CRL) is a list of digital certificates that have been revoked by the issuing CA before their scheduled expiration date and should no longer be trusted. A CRL is generated and published periodically, often at a defined interval. A missing CRL can impact the trustworthiness of certificates. We recommend checking the CRL status as soon as possible.",Low,PT1H,P14D,Watchlist (CertAuthorities).,adcs11cb-c3p0-1512-2022-jbl010mk1088,Custom,,ADCS,
ADCS-008 - Cert Authority configuration changed,"The rule detects when a configuration entry as Policy/Exit modules or CDP/AIA extensions changed in Certificate Services. This event is monitored to detect anomalous and malicious activity, and to prevent privilege abuse. Please investigate the legitimacy of the operation.",High,PT10M,PT10M,Watchlist (CertAuthorities).,adcs14ii-ig11-1001-2023-10fd11mk1088,Custom,,ADCS,
ADCS-009 - Cert Authority Restarted or Stopped,The rule monitors the Start and Stop operations of Active Directory Certificate Services. The consequences of stopping or restarting the CA service can have a direct impact on the environment. Please investigate the legitimacy of the operation.,Low,PT30M,PT30M,Watchlist (CertAuthorities).,adcsdbe0-c3p0-1111-2022-2731d3mk1088,Custom,,ADCS,
ADCS-010 - Cert Authority imported and archived a key,"The rule detects if key is imported and archived. This event is monitored to detect anomalous and malicious activity, and to prevent privilege abuse. Verify that approvment is a valid operation.",Low,PT10M,PT10M,Watchlist (CertAuthorities).,adcs222c-c3p0-1001-2023-87jh51mk1088,Custom,,ADCS,
ADCS-011 - Cert Manager approves certificate request,"The rule detects if the Certificate manager approves pending certificate request. Issuance of certificates which require manual approval or certificates that contain usages that allow the owner to perform privileged operations (Enrollment Agent, Code Signing etc.) or certificates issued to VIP users should be monitored. Verify that approvment is a valid operation.",Medium,PT1H,P14D,Threshold - pending times Watchlist (CertAuthorities).,adcs142b-c3p0-0801-2023-9bfd00mk1088,Custom,,ADCS,
ADCS-012 - Cert Manager denied certificate request,"The rule detects if certificate request is denied by certificate manager. This event should be monitored to detect anomalous and malicious activity, and to prevent privilege abuse.",Low,PT30M,PT30M,Watchlist (CertAuthorities).,adcs142b-c3pO-1001-2023-9bfd09mk1088,Custom,,ADCS,
ADCS-013 - CA certificate published to AD,"The rule detects when Certificate services published the CA certificate to Active Directory Domain services. This event is monitored to detect anomalous and malicious activity, and to prevent privilege abuse. Please investigate the legitimacy of the operation.",Low,PT30M,PT30M,Watchlist (CertAuthorities).,e96e142b-1f2e-4475-b3e6-9bfd0c3fc299,Custom,,ADCS,
ADCS-014 - Cert Authority registry value modified,The rule detects if registry value of certification authority was modified. Any changes in CA registries should occur very rare. Please check the changes thoroughly.,High,PT10M,PT10M,Watchlist (CertAuthorities).,adcs8e39-c3p0-1201-2023-e9bd60mk1088,Custom,,ADCS,
ADCS-015 - Cert Authority regular backup not completed,"The rule monitors regular backups of Active Directory Certificate Services. The regular backup should be completed If the backup was not completed in the required time, an incident is generated.",Low,PT1H,P14D,Watchlist (CertAuthorities).,adcs6fa3-ig63-1511-2022-e47481mk1088,Custom,,ADCS,
ADCS-016 - Cert Authority retrieved an archived key,"The rule detects when Certificate services retrieved an archived key. This event is monitored to detect anomalous and malicious activity, and to prevent privilege abuse. Please investigate the legitimacy of the operation.",Medium,PT10M,PT10M,Watchlist (CertAuthorities).,adcs142b-hk47-1001-2023-8j3s08mk1088,Custom,,ADCS,
ADCS-017 - Certificate Revoked,The rule monitors if the certificate is revoked in Certificate Services. We recommend performing a verification if there are a large number of revocations. The incident will be generated if 2 (threshold) or more certificates are revoked.,Low,P1D,P1D,Threshold - pending times Watchlist (CertAuthorities).,adcs2364-hk47-1512-2022-ad22f4mk1088,Custom,,ADCS,
ADCS-018 - Cert Authority role separation state changed,The rule detects if the ADCS Role separation state changed from changes from the expected value. (Set you expected status for each CA). If role separation status changed verify that this is a valid operation.,Medium,PT10M,PT10M,Watchlist (CertAuthorities).,adcs142b-hk47-0501-2023-9bfd09mk1088,Custom,,ADCS,
ADCS-019 - Rows deleted from Certification the database,The rule detects if one or more rows has been deleted from the certificate database. Deleting rows may indicate an attacker covering their tracks after issuing certificates. Verify that this is a valid operation.,High,PT10M,PT10M,Watchlist (CertAuthorities).,adcs4e55-r2d2-0501-2022-333f73mk1088,Custom,,ADCS,
ADCS-020 - Security permissions changed on Certh Authority,The rule monitors if the security permissions for Certificate Services changed. Changes may indicate an attacker granting permissions for other accounts to enroll. Verify that this is a valid operation.,High,PT10M,PT10M,Watchlist (CertAuthorities).,adcs4e44-fc38-1111-2022-697f73mk1088,Custom,,ADCS,
ADCS-021 - Security of certificate template updated,The rule monitors if the ADCS template security was updated. Changes may indicate an attacker granting permissions for other accounts to enroll certificate or modify templates. Verify that this is a valid operation.,Medium,PT30M,PT30M,Watchlist (CertAuthorities).,adcs142b-c3p0-1512-2022-9bfd00mk1088,Custom,,ADCS,
ADCS-022 - Unapproved certificate template loaded,"This rule evaluates loaded templates of Active Directory Certificate Services (ADCS) to the Certification Authority (CA). The rule monitors Event ID 4898 - Certificate Services loaded a template and correlates data from the watchlist 'CertAuthorities'. If it is determined that the parameters of the loaded template (TemplateInternalName, TemplateOID, pKIExtendedKeyUsage, or CaHostName) do not match the approved template, an alert is generated. The alert records: - Date and Time - isApprovedCaHostName, isApprovedCerTemplateName, isApprovedCertTemplateOID, isApprovedpKIExtendedKeyUsage, - CaName, CaHostName - Informations about loaded vs approved template Overall, this rule allows Security team to monitor and control the use of certificates using approved templates, which helps improve security and certificate management in the organization.",Medium,PT10M,PT10M,Watchlist (CertAuthorities).,adcs6bda-r4d2-1512-2022-abc5b3mk1088,Custom,,ADCS,
ADCS-023 - Missing Certification Authority Heartbeat,"This detection will go over the heartbeats received from the agents of Certification Authorities over the last hour, and will create alerts if the last heartbeats were received an hour ago.",High,PT15M,PT2H,Watchlist (CertAuthorities).,adcs0422-c3p0-0701-2023-42c405mk1088,Custom,,ADCS,
ADCS-024 - Successful logon to Certification Authority server,This query detects sucessfull remote or local logon to Certification Authority server. Connecting directly to a certification authority server should be very rare. All administration should be done through terminal servers or administration tools. Please verify the reason for the event,Medium,PT10M,PT10M,Watchlist (CertAuthorities).,adcs041f-r2d2-0701-2023-258a13mk1088,Custom,,ADCS,
AD FS Remote Auth Sync Connection,"This detection uses Security events from the ""AD FS Auditing"" provider to detect suspicious authentication events on an AD FS server. The results then get correlated with events from the Windows Filtering Platform (WFP) to detect suspicious incoming network traffic on port 80 on the AD FS server. This could be a sign of a threat actor trying to use replication services on the AD FS server to get its configuration settings and extract sensitive information such as AD FS certificates. In order to use this query you need to enable AD FS auditing on the AD FS Server. References: https://docs.microsoft.com/windows-server/identity/ad-fs/troubleshooting/ad-fs-tshoot-logging https://twitter.com/OTR_Community/status/1387038995016732672",Medium,P1D,P1D,ADFS svc acc SAN.,c362442e-6f04-402e-8ebf-1ae2cd08a6d3,Out of Box,,ADFS,
ADFS DKM Master Key Export,"Identifies an export of the ADFS DKM Master Key from Active Directory. References: https://blogs.microsoft.com/on-the-issues/2020/12/13/customers-protect-nation-state-cyberattacks/, https://www.fireeye.com/blog/threat-research/2020/12/evasive-attacker-leverages-solarwinds-supply-chain-compromises-with-sunburst-backdoor.html?1 To understand further the details behind this detection, please review the details in the original PR and subequent PR update to this: https://github.com/Azure/Azure-Sentinel/pull/1562#issue-551542469 https://github.com/Azure/Azure-Sentinel/pull/1512#issue-543053339",Medium,P1D,P1D,req SACL.,bc0bce08-3732-439a-b906-f7937064dad1,Out of Box,,ADFS,
Azure Active Directory Hybrid Health AD FS New Server,This detection uses AzureActivity logs (Administrative category) to identify the creation or update of a server instance in an Azure AD Hybrid Health AD FS service. A threat actor can create a new AD Health ADFS service and create a fake server instance to spoof AD FS signing logs. There is no need to compromise an on-premises AD FS server. This can be done programmatically via HTTP requests to Azure. More information in this blog: https://o365blog.com/post/hybridhealthagent/,Medium,PT1H,PT1H,NO.,99879939-efd9-4d3a-8d37-b5fbe106eb41,Out of Box,,ADFS,
Azure Active Directory Hybrid Health AD FS Service Delete,This detection uses AzureActivity logs (Administrative category) to identify the deletion of an Azure AD Hybrid Health AD FS service instance in a tenant. A threat actor can create a new AD Health ADFS service and create a fake server to spoof AD FS signing logs. The health AD FS service can then be deleted after it is no longer needed via HTTP requests to Azure. More information is available in this blog https://o365blog.com/post/hybridhealthagent/,Medium,PT1H,PT1H,NO.,64577ec8-1026-4d39-9185-b37c1e75f776,Out of Box,,ADFS,
Azure Active Directory Hybrid Health AD FS Suspicious Application,This detection uses AzureActivity logs (Administrative category) to identify a suspicious application adding a server instance to an Azure AD Hybrid Health AD FS service or deleting the AD FS service instance. Usually the Azure AD Connect Health Agent application with ID cf6d7e68-f018-4e0a-a7b3-126e053fb88d and ID cb1056e2-e479-49de-ae31-7812af012ed8 is used to perform those operations.,Medium,PT1H,PT1H,NO.,729a7cc3-8b53-4cf0-b25b-647834719343,Out of Box,,ADFS,
Gain Code Execution on ADFS Server via Remote WMI Execution,"This query detects instances where an attacker has gained the ability to execute code on an ADFS Server through remote WMI Execution. In order to use this query you need to be collecting Sysmon EventIDs 19, 20, and 21. If you do not have Sysmon data in your workspace this query will raise an error stating: Failed to resolve scalar expression named ""[@Name]"" For more on how WMI was used in Solorigate see https://www.microsoft.com/security/blog/2021/01/20/deep-dive-into-the-solorigate-second-stage-activation-from-sunburst-to-teardrop-and-raindrop/. The query contains some features from the following detections to look for potentially malicious ADFS activity. See them for more details. - ADFS Key Export (Sysmon): https://github.com/Azure/Azure-Sentinel/blob/master/Detections/SecurityEvent/ADFSKeyExportSysmon.yaml - ADFS DKM Master Key Export: https://github.com/Azure/Azure-Sentinel/blob/master/Detections/MultipleDataSources/ADFS-DKM-MasterKey-Export.yaml",Medium,P1D,P7D,NO.,38720637-bf75-4bfd-8e8f-834bc5c6b4db,Out of Box,,ADFS,
Gain Code Execution on ADFS Server via SMB + Remote Service or Scheduled Task,This query detects instances where an attacker has gained the ability to execute code on an ADFS Server through SMB and Remote Service or Scheduled Task.,Medium,P1D,P7D,NO.,bc3c6f99-b93a-4e57-859b-681154410695,Out of Box,,ADFS,
Active Domain Computers with Outdated Windows OS,"This rule evaluates audit events from the AD_Computers_CL table to identify enabled (active) Windows workstations that are not running the latest versions of the operating system. The rule excludes recently created, re-enabled, or deleted computers and focuses only on devices with the ""Enabled"" flag set to True. Outdated operating systems on active endpoints pose a significant risk, as they may lack security patches and be susceptible to known vulnerabilities. Attackers frequently exploit such systems for initial access, lateral movement, or persistence. Ensuring that active devices are up to date is vital for reducing attack surface and maintaining compliance with organizational security policies. Alert records: - Domain: The Active Directory domain of the computer. - Computer Name: Hostname of the active endpoint. - Canonical Name: Fully qualified domain name (FQDN). - Operating System: OS name and version (e.g., Windows 11 - 26100). - Object OU: Organizational Unit in AD where the object resides. - Created / Last Logon Date: Timestamps to understand the computer's lifecycle. Identifying outdated but active workstations is crucial for ensuring that production devices are secure, fully supported, and not exposing the organization to preventable threats.",Low,PT4H,P3D,"latest version Win OS. SecurityEvent 4722,4741,4743 needed.",ad4b4fb7-ig12-1105-2023-735c09mk1088,Custom,,ADReport,
Active Directory Object do NOT require password,"The rule checks for Computer and User object which have in “userAccountControll” attribute set to value “PASSWD_NOTREQD”. This represents a high security risk as the account is not protected at all without a password. To fix this issue change the value in the attribute. Default UAC values of objects are: User - 512 for enabled, 514 for disabled account. Computer - 4096 for enabled, 4098 for disabled account. More information about “userAccountControll” you can find on https://docs.microsoft.com/en-us/troubleshoot/windows-server/identity/useraccountcontrol-manipulate-account-properties",Medium,PT5H,PT5H,TrustedDomain$.,ad03msba-r2d2-2022-8e5e-6ab324mk1088,Custom,,ADReport,
BitLocker Recovery Key for object computer is missing in AD,"The rule detect if BitLocker Recovery Key for computer objects with Windows OS is missing in Active Directory. Computers created less than 3 days (threshold) are excluded from result for reducing false positive alerts for newly created computers. Active BitLocker and saved keys in Active Directory are important because they ensure encryption of data on computer disk drives. If these elements are turned off or missing, it can mean that data is at risk of leakage and unauthorized access, which can lead to a serious security incident.",Medium,PT4H,P3D,SecurityEvent 4743 needed.,ad1207a7-c3p0-1603-2023-becb35mk1088,Custom,,ADReport,
High value of inactive computer or user objects in AD,"The rule detects high value (threshold is set to 10%) of inactive computer or user objects in Active Directory. Inactivity is an imaginary object that has not logged in for more than 180 days (threshold). Inactive objects often stay in the network because of weaknesses in the decommissioning process. These stale computer or user accounts can be used as backdoors and therefore represents a possible security breach. To mitigate the risk, you should monitor the number of inactive accounts and reduce it as much as possible. A list of all inactive accounts is visible on Inactivity sheet of “Active Directory reports” workbook or directly via LogAnalytics.",Low,P1D,P1D,Thresholds: Inactivity days Obect inactivity %.,ad7d49c2-r2d2-2022-9029-e07ab3mk1088,Custom,,ADReport,
ADHC-001 - Outdated KRBTGT Password in Active Directory,"This rule evaluates audit events from the AD_Users_CL table collected via the AD Healthcheck (AMA) connector to identify KRBTGT accounts whose password has not been changed within the recommended period. The rule monitors the built-in KRBTGT account in Active Directory and detects when the PasswordLastSet value exceeds the defined threshold. An outdated KRBTGT password indicates insufficient Kerberos hygiene and increases security risk. The KRBTGT account is used to sign Kerberos Ticket Granting Tickets (TGTs). If compromised, attackers can forge Kerberos tickets (e.g., Golden Tickets) to maintain persistent and stealthy access. Regular password rotation is therefore critical to limit potential abuse. Alert records: - The Active Directory domain where the KRBTGT account was identified - KRBTGT account details - The timestamp of the last password change - The number of days since the password was last changed Monitoring this activity is essential because the KRBTGT account is central to Kerberos security. Regular password rotation reduces the risk of ticket forgery and helps limit attacker persistence in the environment.",Medium,P1D,P1D,krbtgt SID for custom accounts PWD last set threshold (180d recommended).,ad01msba-r2d2-2022-835e-6ab324mk1088,Custom,,ADReport,
AADR-001 - Access credential added to Microsoft Entra ID Application,"The rule evaluates Microsoft Entra ID audit logs and detects when someone adds a new credential to an Application or Service Principal. If an attacker gains access to an account with sufficient privileges and adds alternate authentication material, they can authenticate as the Application or Service Principal using this credential. The alert records relevant and available details for analysis: - Application name, Object ID, and Client ID - Credential (Key) Information - Initiator, Initiator ID, and Initiator IP Address The rule allows us to promptly detect, analyze, investigate, and respond to unauthorized changes, helping to prevent unauthorized access and potential security breaches. In summary, monitoring the addition of new credentials enhances our security posture by providing early detection and mitigation of potential security risks.",Low,PT30M,PT30M,NO.,aad10d9b-c3p0-0605-2024-apps02mk1088,Custom,Approved,AAD,
AADR-002 - Access from onion (TOR) network,"The rule detects access by a threat actor using the TOR network, which involves monitoring for connections to known TOR exit nodes. When a connection to a TOR exit node is detected, it triggers an alert that identifies: - the source IP address - User Account - Application - Sign-in status TOR exit nodes enable users to obscure their true IP address, making it challenging to trace or identify their actions. This anonymity is often exploited by cybercriminals for malicious activities, such as hacking, data theft, and other attacks. Unrestricted access from TOR exit nodes increases the risk of unauthorized access and brute force attacks. Additionally, TOR allows attackers to bypass geolocation restrictions and access systems meant for trusted networks. Frequent IP changes and encrypted traffic further complicate detection and blocking, making it difficult to identify or prevent potential threats effectively. This rule helps prevent malicious activity from being carried out using the anonymity provided by the TOR network.",High/Informational,PT30M,PT30M,watchlist (TorIpNodes).,20a90273-c3p0-0604-2023-1d4f79mk1088,Custom,Approved,AAD,
AADR-003 - Account Created and Deleted in Short Timeframe,"Search for user principal name (UPN) events. Look for accounts created and then deleted in under 24 hours. Attackers may create an account for their use, and then remove the account when no longer needed. Ref : https://docs.microsoft.com/azure/active-directory/fundamentals/security-operations-user-accounts#short-lived-account",Medium,PT1H,P1D,NO.,aadfc4e3-1986-48d5-90fd-fdbfd3mk1088,Out of Box,Approved,AAD,
AADR-004 - Addition of a Temporary Access Pass to a Privileged Account,"Detects when a Temporary Access Pass (TAP) is created for a Privileged Account. A Temporary Access Pass is a time-limited passcode issued by an admin that satisfies strong authentication requirements and can be used to onboard other authentication methods, including Passwordless ones such as Microsoft Authenticator or even Windows Hello. A threat actor could use a TAP to register a new authentication method to maintain persistance to an account. Review any TAP creations to ensure they were used legitimately. Ref: https://docs.microsoft.com/azure/active-directory/fundamentals/security-operations-privileged-accounts#changes-to-privileged-accounts",High,PT10M,P1D,NO.,aad5e51d-c3p0-2901-2023-d5c659mk1088,Out of Box,Approved,AAD,
AADR-005 - Bulk Export of Group or Users from Microsoft Entra ID,"The rule evaluates Microsoft Entra ID audit logs to detect when a bulk export of groups or users is initiated and completed. A bulk export operation allows large-scale extraction of data, such as user or group information, from Microsoft Entra ID. Monitoring this activity is crucial because unauthorized or suspicious bulk data exports can lead to sensitive information leakage or data theft. Malicious actors may attempt to exploit these bulk export operations to gain unauthorized access to large sets of user or group data, potentially compromising the organization's security. The alert records: - Start and End Times of the export operation - Export type (Group Export or User Export) - Initiator's User Principal Name (UPN), User ID, and IP Address - Result and result descriptions of the operation - Correlation ID linking start and finish events The rule helps to promptly detect, analyze, investigate, and respond to unauthorized or suspicious bulk export activities, allowing security teams to mitigate the risk of data exfiltration. Monitoring bulk exports in Microsoft Entra ID is crucial for ensuring security, preventing data breaches, supporting compliance audits, and maintaining control over sensitive information access. This enables organizations to identify unauthorized activities, manage permissions, and improve overall data security.",Low,PT1H,PT1H,NO.,aad5a079-r2d2-2111-2022-f1d690mk1088,Custom,Approved,AAD,
AADR-006 - Authentication Methods Changed for Account,"This rule evaluates Microsoft Entra ID AuditLogs to detect successful changes to authentication methods for user accounts. The detection focuses on authentication method registration, default security information changes, and administrator-driven security information updates. The rule normalizes registered authentication method details from the audit event and distinguishes between privileged and regular accounts using Microsoft Entra ID role assignments, privileged account naming conventions, and the PrivilegedAccounts watchlist. To reduce false positives, the rule excludes selected expected authentication method changes for non-privileged accounts, such as MFA enrollment enforcement and administrator-required MFA re-registration scenarios. Privileged accounts are always included when matching activity is observed. Alert records: - Time when the authentication method change was observed. - Target account and target account ID. - Whether the target account is considered privileged. - Operation name and result reason. - Normalized registered authentication method. - Initiator identity, initiator type, and initiator IP address when available. - CorrelationId for related audit activity lookup. Authentication method changes can be legitimate, but they may also indicate account compromise or persistence activity if an attacker registers or modifies authentication methods to maintain access, bypass expected controls, or prepare for unauthorized sign-ins.",High/Medium,PT1H,P14D,watchlist (PrivilegedAccounts).,aad40463-161f-2022-b47a-9c2152mk1088,Custom,Approved,AAD,
AADR-007 - Brute force attack against cloud app,"The rule analyzes Microsoft Entra ID (AAD) Sign-in Logs to detect potential brute force attacks on user accounts. It monitors incorrect login attempts (with a threshold set to 5) and tracks subsequent actions after a successful login within a specified time window (threshold of 20 minutes). - If the subsequent action is 'Login Successful,' an alert is triggered, indicating a potentially successful attack. - If the sign-in attempt was blocked by Conditional Access or failed due to unmet MFA requirements, an alert is generated for a potentially unsuccessful attack, which may still indicate a compromise of user credentials. **Alert records:** - Time: The timestamp of the sign-in attempt. - User Principal Name: The username (email) of the account that attempted to sign in. - IP Address: The IP address from which the sign-in attempt was made. - Location: The geographical location associated with the IP address. - Sign-in Status: Whether the sign-in attempt was successful, blocked, or failed. - Failure Reason: If the sign-in attempt failed, the reason for the failure (e.g., incorrect password, MFA required). - Device Information: Details about the device used for the sign-in attempt. - App Name: The application or service the user was trying to access. - Conditional Access Policy: Any conditional access policies that were applied during the sign-in attempt.",Medium,PT1H,PT1H,all optionally AAD reg device TrustedLocation Failure threshold time window.,aad653c4-c3p0-2607-2023-0efb52mk1088,Custom,Approved,AAD,
AADR-008 - Microsoft Entra ID Role Definition Change Activity,"This rule evaluates audit events from the AuditLogs table in Microsoft Entra ID to detect changes to role definitions. It monitors activities categorized under RoleManagement and tracks operations such as Add role definition, Update role definition, and Delete role definition. Modifications to role definitions such as creating, updating, or removing roles, can significantly affect access control within the organization. Unauthorized or misconfigured role changes can lead to privilege escalation, excessive permissions, or disruption of enforcement policies. This rule is designed to capture key details of role definition activity, including the user performing the change, the role affected, and the originating IP address and location. Monitoring these events provides visibility into administrative configuration changes and ensures governance over identity and access privileges. Alert Records: - Time: Timestamp of the role definition change. - Caller: UPN and object ID of the identity that initiated the change. - Operation: Type of action performed (Created, Updated, Deleted). - Role Details: Name, ID, and property metadata of the modified role. - Location: IP address and geographic location (country and city) of the caller. Monitoring role definition changes in Microsoft Entra ID is critical for ensuring the integrity of privileged access management and detecting potential misuse of administrative rights.",Medium,PT30M,PT30M,Watchlist (Azure-Roles).,aad7a7fc-c3p0-0112-2022-32f480mk1088,Custom,Approved,AAD,
AADR-009 - External guest invitation followed by Microsoft Entra ID PowerShell signin,"By default guests have capability to invite more external guest users, guests also can do suspicious Microsoft Entra ID enumeration. This detection look at guests users, who have been invited or have invited recently, who also are logging via various PowerShell CLI. Ref : 'https://danielchronlund.com/2021/11/18/scary-azure-ad-tenant-enumeration-using-regular-b2b-guest-accounts/",Medium,PT1H,P1D,NO.,96b37c64-f091-4df4-840d-f3fc4abb3b6e,Out of Box,Approved,AAD,
AADR-010 - Changes to PIM Settings,"PIM provides a key mechanism for assigning privileges to accounts, this query detects changes to PIM role settings. Monitor these changes to ensure they are being made legitimately and don't confer more privileges than expected or reduce the security of a PIM elevation. Ref: https://docs.microsoft.com/azure/active-directory/fundamentals/security-operations-privileged-accounts#changes-to-privileged-accounts",High,PT5M,PT5M,NO.,ece1cb88-9bab-4186-b9a2-d3b7a80de862,Out of Box,Approved,AAD,
AADR-011 - Log4j vulnerability exploit aka Log4Shell IP IOC,Identifies a match across various data feeds for IP IOCs related to the Log4j vulnerability exploit aka Log4Shell described in CVE-2021-44228. References: https://cve.mitre.org/cgi-bin/cvename.cgi?name=2021-44228,High,PT1H,PT1H,NO.,union1c2-c3p0-2022-8385-57d260mk1088,Out of Box,Approved,AAD,
AADR-012 - Member Assigned to Microsoft Cloud Privileged Group,"This rule evaluates Microsoft Entra ID AuditLogs to identify successful member or owner assignments to privileged cloud groups. The rule detects GroupManagement operations where a user, group, service principal, device, or other object is added as a member or owner to a group considered privileged. A group is treated as privileged when its object ID is listed in the EntraIdPrivilegedGroups watchlist or when its display name matches the configured privileged group naming convention. Alert records: - Time when the assignment was observed. - Assigned target object type, name, and object ID. - Privileged group name and object ID. - Caller identity and caller IP address. - Assignment type and related service context, where available. - Assigned role metadata from the watchlist, where available. Privileged cloud groups may grant access to Microsoft Entra roles, Azure roles, administrative applications, Intune, Azure SQL, Azure Key Vault, third-party applications, or other sensitive resources. Unauthorized membership or ownership changes may create privilege escalation, persistence, or lateral movement opportunities and should be reviewed promptly.",High,PT15M,PT15M,Watchlist (EntraIdPrivilegedGroups).,aad9d0ca-r2d2-2022-a8a8-e36019mk1088,Custom,Approved,AAD,
Membership has been assigned to group via PIM,The rule detect when the membership has been assigned to group via PIM. Be sure to verify this is an expected addition.,Low,PT10M,PT10M,NO.,,Custom,Approved,AAD,
AADR-013 - MFA Disabled for a User,"The rule evaluates attempts to disable MFA on a user account, assuming that MFA is enabled on a per-user basis, meaning MFA is not enforced through Conditional Access policies. The rule records the target account, initiator account, result status, and other details. Multi-Factor Authentication (MFA) helps prevent credential compromise.",Medium,PT1H,PT1H,NO.,aad97c82-4lom-2022-b5e8-2cfdc9mk1088,Custom,Approved,AAD,
AADR-014 - Microsoft Entra ID Application ID URI Changed,"The rule evaluates Microsoft Entra ID audit logs and detects when someone changes the Microsoft Entra ID Application ID URI. AppID URIs are fundamental components of security in many applications, especially those utilizing OAuth or other authentication mechanisms. Monitoring modifications ensures compliance with security standards and best practices. The alert records relevant and available details for analysis: - Application name, Object ID, and Client ID - Old URI value, New URI value - Initiator, Initiator ID, and Initiator IP Address Monitoring AppID URI modifications is essential for maintaining the security, integrity, and compliance of applications, helping organizations prevent unauthorized access, mitigate risks, and uphold best practices in information security.",Low,PT30M,PT30M,NO.,aad10d9b-c3p0-0705-2024-apps04mk1088,Custom,Approved,AAD,
AADR-015 - Microsoft Entra ID Application registered,"The rule evaluates Microsoft Entra ID audit logs and detects application registration events. Rapid detection of suspicious app registration activities can aid in early identification and mitigation of security threats, such as malicious actors attempting to create backdoor access or exploit vulnerabilities within the M365 environment. The alert records relevant and available details for analysis: - Registered application name, Object ID, and Client ID - Initiator, Initiator ID, and Initiator IP Address In summary, monitoring app registration events in Microsoft Entra ID is a critical security measure that helps organizations maintain control over their application landscape, mitigate security risks, and ensure compliance with regulatory requirements.",Low,PT30M,PT30M,NO.,aad10d9b-c3p0-0605-2024-apps03mk1088,Custom,Approved,AAD,
AADR-016 - Microsoft Entra ID Break Glass Account Logon Monitoring,"This detection rule is designed to monitor logon activity related to Microsoft Entra ID (Azure AD) Break glass accounts. These accounts are typically used in emergency situations when normal administrative accounts are unavailable or compromised. If any such activity is detected for any break glass accounts, an alert is triggered to allow security teams to investigate and respond appropriately. By monitoring break glass account activity, this rule helps ensure that these privileged accounts are used only when necessary and in accordance with established security policies.",High,NRT,NRT,Watchlist (BreakGlassAccounts).,aad04312-0e36-2022-8d14-ac67d9mk1088,Custom,Approved,AAD,
AADR-017 - Microsoft Entra ID Conditional Access Policy Activity Monitoring,"This rule evaluates Microsoft Entra ID audit events from the AuditLogs table to identify successful Conditional Access policy changes, including policy creation, deletion, enablement, disablement, report-only mode changes, grant control changes, application exclusions, platform conditions, user/group/role scope changes, and policy name changes. The rule parses the changed Conditional Access policy object from TargetResources and classifies the policy activity based on the previous and new policy configuration. It also enriches the alert with the most recent sign-in context for the same initiator and IP address when available. Alert records include: - Time when the Conditional Access policy change occurred. - Initiator that performed the change. - Initiator type, user or application. - Source IP address and derived location. - Conditional Access policy name and policy ID. - Classified Conditional Access policy activity. - Sign-in Conditional Access status and device context, when available. - Detection reason explaining the policy change. Conditional Access policies enforce important access controls such as MFA, device compliance, application scope, platform conditions, and user or group targeting. Unauthorized or unexpected changes may weaken identity protections, bypass security requirements, or reduce enforcement coverage across Microsoft Entra ID protected resources.",Medium,PT1H,P2D,NO.,ca90a481-r2d2-2022-838c-313918mk1088,Custom,Approved,AAD,
AADR-018 - Microsoft Entra ID PowerShell accessing non-AAD resources,"This will alert when a user or application signs in using Microsoft Entra ID PowerShell to access non-Active Directory resources, such as the Azure Key Vault, which may be undesired or unauthorized behavior. For capabilities and expected behavior of the Microsoft Entra ID PowerShell module, see: https://docs.microsoft.com/powershell/module/azuread/?view=azureadps-2.0. For further information on Microsoft Entra ID Signin activity reports, see: https://docs.microsoft.com/azure/active-directory/reports-monitoring/concept-sign-ins.",Low,PT1H,PT1H,NO.,fca4102f-93f2-492e-9c47-b9dce749eda0,Out of Box,Approved,AAD,
AADR-019 - Microsoft Entra ID Privileged Account updated,The rule detects events when anyone update the Microsoft Entra ID (Azure AD) Privileged Account. The update of a Privileged Account should be rare event and should always be preceded by a request in the form of a ticket. Usually only user administrator or other global administrator can update such properties. Investigate if such user change is an attempt to elevate an existing low privileged identity or rogue administrator activity.,Medium,PT1H,P4D,Name convention of Accounts Watchlist (PrivilegedAccounts).,aadf25ea-r5d4-2206-2023-e55d79mk1088,Custom,Approved,AAD,
AADR-020 - Microsoft Entra ID Role Assignment,"The rule evaluates audit events from the AuditLogs table to identify role assignments in Microsoft Entra ID, including both traditional IAM operations and Privileged Identity Management (PIM) activity. It detects when roles are assigned to users, service principals, devices, or groups either permanently or temporarily. Monitoring the assignment of privileged roles is crucial, as these permissions can grant access to sensitive systems, administrative capabilities, and escalation vectors. Adversaries or misconfigurations may exploit such assignments to gain or maintain elevated access. Alert Records: - Time: When the role assignment occurred. - Target: Type, name, and ID of the entity receiving the role (user, group, service principal, or device). - Role Details: Name, ID, severity classification, and origin (IAM or PIM). - Caller: Identity and IP address of the user or app that assigned the role. - Location: Country and city from which the assignment was made. - Activity Type: Whether the role was assigned via IAM or PIM, and its context. Identifying and responding to privileged role assignments in Microsoft Entra ID is essential for maintaining a secure identity governance model and preventing abuse of elevated permissions.",High,PT15M,PT15M,Watchlist (Azure-Roles).,aad83cc9-bffe-2022-9b03-a31511mk1088,Custom,Approved,AAD,
AADR-021 - Multiple Admins Removed from Roles,"The rule evaluates audit events that indicate the removal of roles from multiple accounts (threshold 2) within the Azure and Microsoft Entra ID (AAD) environments in a short time frame (threshold 1h). Its purpose is to identify potentially unauthorized or suspicious activities associated with role removal, where such actions might be an attempt by attackers to lock down the organization and maintain exclusive access. The rule evaluates the removal of any role in the AAD or Azure environment, regardless of its criticality. However, special attention should be given to certain critical roles, such as Global Administrator, Privileged Role Administrator, Owner, User Access Administrator, etc. These roles should be prioritized in the analysis due to their significance. The alert records the initiator of the operation, including IP address, environment, number of targets, target accounts, and other relevant information.",Medium,PT1H,P14D,Watchlist (Azure-Roles).,roles651-c3p0-0902-2023-19aa30mk1088,Custom,Approved,AAD,
AADR-022 - Multiple Password Reset in AD or MS Entra ID,"This rule is designed to evaluate situations where there are multiple consecutive password resets in Active Directory (AD) or Microsoft Entra ID (AAD). The rule defines various parameters and limitations, such as the maximum number of password resets per user, overall limit for all users (threshlods) and exceptions for specific approved accounts. The rule generates alerts containing information about the start and end times of the monitored period, the number of password resets, user accounts, and computers where the resets occurred. Alerts are further categorized into ""Per User Reset"" (password resets for individual users) and ""Total User Reset"" (the overall number of password resets exceeding the defined limit). The rule serves to identify potentially risky situations where unauthorized password resets may occur in the Active Directory or Microsoft Entra ID environment.",Low,PT2H,PT2H,Threshold Approved Accounts.,entra367-c3p0-0801-2024-adds97mk1088,Custom,Approved,AAD,
AADR-023 - New IsAssignableToRole group has been created in Microsoft Entra ID,"New Azure AD group with the ‘isAssignableToRole’ property set to True has been created. This attribute allows assign group to the role. Assign role over this hidden from your default monitoring. Please verify that this group is created correctly, as well as any subsequent actions on this group.",High,PT30M,PT30M,NO.,aad8f693-b97c-2022-aeac-3d8774mk1088,Custom,Approved,AAD,
AADR-024 - Password Cracking Attempts in Microsoft Entra ID,"The rule evaluates interactive sign-in logs in Microsoft Entra ID to detect password cracking attempts. The rule monitors an unusually high number of failed password attempts coming from multiple IP addresses and countries for a user account where the device is unmanaged. This rule effectively detects unsuccessful identity attacks. These error codes are included: - 50053: Account is locked because the user tried to sign in too many times with an incorrect user ID or password. - 50055: Invalid password, entered expired password. - 50056: Invalid or null password - Password does not exist in the store for this user. - 50126: Invalid username or password, or invalid on-premises username or password. If such activity is detected, an alert is created and records: - Start and End Times - User Principal Name - Count of Failed Sign-ins - Count of Unique Locations and set of Locations - Count of Unique IPs and set of IP addresses - Applications - Result Descriptions Monitoring these activities is crucial for security as it helps identify and mitigate potential unauthorized access attempts. By detecting and responding to password cracking attempts, we can protect user accounts and sensitive data from being compromised.",Informational,PT1H,PT12H,watchlist (Known_IPs_and_Subnets).,entra1dc-hk47-0107-2024-b45e20mk1088,Custom,Approved,AAD,
AADR-025 - Password Reset of Microsoft Entra ID Privileged Account,The rule detects events when anyone reset the password of Microsoft Entra ID (Azure AD) Privileged Account. The password reset of a Privileged Account should be rare event and should always be preceded by a request in the form of a ticket.,High,PT1H,P4D,Name convention of Accounts Watchlist (PrivilegedAccounts).,aad17c8-r2d2-2505-2023-107cb9mk1088,Custom,Approved,AAD,
AADR-026 - Permissions Granted to Microsoft Entra ID Application,"The rule evaluates Microsoft Entra ID audit logs and detects successful changes when Permissions or Delegated Permissions (Admin Consent) are Granted to Application (Service Principal). This can help identify applications that have been abused to gain unapproved access, for example, read and manage the role-based access control (RBAC) settings for the directory (RoleManagement.ReadWrite.Directory). The alert records relevant and available details for analysis: - Operation (Permission Grant or Admin Consent or App role assignment to service principal) - Application name - App Service Principal ID - Granted permissions - Previously granted permission - Initiator, Initiator ID, and Initiator IP Address Monitoring permission changes in applications is a critical aspect of maintaining a secure and compliant IT environment. Unauthorized or inappropriate permission grants can lead to potential security breaches, where sensitive data might be accessed, altered, or deleted. By keeping a close eye on permission changes, we can detect any unusual or suspicious activity early and take appropriate action. This can prevent potential exploitation of application permissions, ensuring that only approved and necessary access is granted. Furthermore, this monitoring aids in maintaining compliance with various IT regulations and standards, which often require detailed auditing of permission changes. Therefore, this rule not only enhances security but also contributes to the overall governance and compliance efforts of your organization.",Medium,PT30M,PT30M,NO.,aad10d9b-c3p0-0605-2024-apps01mk1088,Custom,Approved,AAD,
AADR-027 - PIM Alert Manipulation Detection,"The rules evaluate audit logs from Microsoft Entra ID (AAD) to detect activities related to deactivation and turning off alerting in Privileged Identity Management (PIM). PIM generates alerts when there is suspicious or unsafe activity in your environment. Turning off alerting services or deactivating generated alerts may represent an attempt to conceal unauthorized or suspicious activities in the environment. If such an event is detected, rules will record the initiator, type of activity, and relevant alerts.",Low,PT30M,PT30M,NO.,aad1pim2-c3p0-2202-2023-e33521mk1088,Custom,Approved,AAD,
AADR-028 - Possible MFA Bombing in Microsoft Entra ID,"The rule identifies potential MFA (Multi-Factor Authentication) bombing attempts, where a user explicitly rejects or does not respond to MFA notifications, indicating that the login attempt was unexpected and that the user's account credentials might be compromised. The rule triggers when more than two (threshold) MFA denial events occur within an hour. It analyzes Microsoft Entra ID (AAD) Sign-In logs to detect specific MFA denial responses and correlates this data with device fingerprints, conditional access status, and geographical locations. If a user repeatedly denies or ignores MFA requests, it raises an alert for further investigation. Alert records: - User Principal Name and User ID - Location - IP Address - Conditional Access Status - Correlation ID Monitoring for potential MFA bombing attempts is crucial because such activities can indicate that an attacker is attempting to gain unauthorized access to user accounts. By detecting and investigating repeated MFA denials, security teams can identify compromised accounts and take necessary actions to prevent unauthorized access. This proactive approach helps in mitigating risks associated with credential theft and enhances the overall security posture of the organization.",Medium,PT1H,PT1H,function (AzureAD_SignInLogs_functions).,aad2fee9-hk47-1102-2023-b2af23mk1088,Custom,Approved,AAD,
AADR-029 - Successful Sign-ins from IPs with Failed Attempts on Disabled Accounts,"The rule detects potentially suspicious IP addresses that successfully sign in to accounts after attempting to access disabled accounts, a behavior indicative of possible malicious activity targeting disabled users. It leverages Microsoft Entra ID (AAD) Sign-In and AAD Non-Interactive Sign-In logs to analyze sign-in patterns. The rule specifically monitors IP addresses that attempt logins to disabled accounts (error code 50057) and then achieve successful sign-ins to other accounts, excluding those IPs from a predefined watchlist of known safe IPs. Key detection steps: - Identify IP addresses that repeatedly attempt sign-ins to disabled accounts. - Filter successful sign-ins from these IP addresses, counting unique users and applications accessed. - Enrich results with behavioral analytics insights to reduce false positives by assessing related user and device activity and assigning an investigation priority score. - Calculate the Success-Fail Ratio (SFRatio) to prioritize IP addresses where attempts to access disabled accounts comprise at least 50% of logins, signaling potentially risky IP behavior. Alert records: - IP Address and Location - Total attempts to disabled accounts - Number of unique disabled accounts targeted - Set of successfully accessed accounts and applications By identifying IPs with high SFRatio and correlating this with device and user insights, the rule highlights accounts or IP addresses potentially associated with unauthorized access attempts, allowing security teams to investigate and respond to these suspicious activities effectively. This approach enhances proactive defense against account compromise and unauthorized access attempts targeting disabled accounts.",Low,P1D,P1D,NO.,aad95fb4-bd01-0711-2024-3dd7e6mk1088,Custom,Approved,AAD,
AADR-030 - Suspicious application consent similar to O365 Attack Toolkit,"This will alert when a user consents to provide a previously-unknown Azure application with the same OAuth permissions used by the MDSec O365 Attack Toolkit (https://github.com/mdsecactivebreach/o365-attack-toolkit). The default permissions/scope for the MDSec O365 Attack toolkit change sometimes but often include contacts.read, user.read, mail.read, notes.read.all, mailboxsettings.readwrite, files.readwrite.all, mail.send, files.read, and files.read.all. Consent to applications with these permissions should be rare, especially as the knownApplications list is expanded, especially as the knownApplications list is expanded. For further information on AuditLogs please see https://docs.microsoft.com/azure/active-directory/reports-monitoring/reference-audit-activities.",High,P1D,P14D,NO.,37ed0fcb-c8d8-44c8-8725-ad2675a9d03e,Out of Box,Approved,AAD,
AADR-031 - Suspicious application consent similar to PwnAuth,"This will alert when a user consents to provide a previously-unknown Azure application with the same OAuth permissions used by the FireEye PwnAuth toolkit (https://github.com/fireeye/PwnAuth). The default permissions/scope for the PwnAuth toolkit are user.read, offline_access, mail.readwrite, mail.send, and files.read.all. Consent to applications with these permissions should be rare, especially as the knownApplications list is expanded. For further information on AuditLogs please see https://docs.microsoft.com/azure/active-directory/reports-monitoring/reference-audit-activities.",Medium,P1D,P14D,NO.,8e6f0ff4-eef8-4e1f-b4dc-b239747ab732,Out of Box,Approved,AAD,
AADR-032 - Suspicious Service Principal creation activity,"This alert will detect creation of an SPN, permissions granted, credentials created, activity and deletion of the SPN in a time frame (default 10 minutes)",Low,PT1H,PT1H10M,NO.,aad95e58-mse6-2022-98a9-e663f7mk1088,Out of Box,Approved,AAD,
AADR-033 - Suspicious Sign-in activity of MS Entra ID Identity,"The rule evaluates audit events from the SigninLogs table in Microsoft Entra ID to identify suspicious sign-in activities. The rule analyzes a combination of behavior patterns related to successful user logins, including: - Four or fewer active login days from a given location during the selected time window. - Sign-ins from a country that is not the user’s most frequently logged-in country. - Changes in device fingerprints between consecutive logins. - High-speed travel between login locations, exceeding a threshold of 300 km/h (configurable). - Logins from IP addresses that are not listed in a watchlist of known IPs or subnets. These patterns align with potential adversarial techniques described in the MITRE ATT&CK framework, specifically within the Credential Access tactic. The relevant technique is T1078 - Valid Accounts, where attackers leverage stolen or misused credentials to gain unauthorized access to systems or services. By identifying deviations in login behavior, geographic anomalies, and device inconsistencies, this rule aims to detect early signs of account compromise or misuse, which could lead to data breaches or lateral movement within the environment. Alert records: - A user logs in from a location or country that deviates from their typical behavior. - The login originates from an IP address not included in the organization's allowlist or known subnets. - The device used for login is non-compliant or exhibits changes in its fingerprint. - The login involves unrealistic travel speeds between consecutive locations. Monitoring such events is critical for detecting and mitigating risks associated with account compromise and unauthorized access, as these behaviors often indicate malicious activity targeting valid user accounts.",Medium,PT1H,P14D,watchlist (Known_IPs_and_Subnets).,aad1a6ac-r0gr-1009-2023-5e1540mk1088,Custom,Approved,AAD,
AADR-034 - User added to Azure AD Privileged Groups outside of PIM,This will alert when a user is added to any of the Privileged Groups outside of PIM. For further information on AuditLogs please see https://docs.microsoft.com/azure/active-directory/reports-monitoring/reference-audit-activities. For Administrator role permissions in Azure Active Directory please see https://docs.microsoft.com/azure/active-directory/users-groups-roles/directory-assign-admin-roles,High,NRT,NRT,NO.,aad13a7d-34e1-2022-8320-1a9bd0mk1088,Custom,Approved,AAD,
AADR-035 - User State changed from Guest to Member,Detects when a guest account in a tenant is converted to a member of the tenant. Monitoring guest accounts and the access they are provided is important to detect potential account abuse. Accounts converted to members should be investigated to ensure the activity was legitimate. Ref: https://docs.microsoft.com/azure/active-directory/fundamentals/security-operations-user-accounts#monitoring-for-failed-unusual-sign-ins,Medium,P1D,P1D,NO.,c45a935d-a215-487d-944f-7f5a8e2c17ea,Out of Box,Approved,AAD,
AADR-036 - Owner Added to Microsoft Entra ID Application,"The rule evaluates Microsoft Entra ID audit logs and detects when a Owner of an Application is added. An owner of an application in Microsoft Entra ID manages app-specific settings like single sign-on, provisioning, and user assignments. Owners can also add or remove other owners but only for applications they own. An attacker can exploit the assignment of an application owner in Entra ID by impersonating the owner to gain access to sensitive data, change permissions, or misuse access rights to obtain protected information or perform malicious operations. The alert records relevant and available details for analysis: - Date and Time - Application name, Object ID, AppId - Target owner info - Initiator, Initiator ID, and Initiator IP Address - Result, etc. The rule allows us to promptly detect, analyze, investigate, and respond to unauthorized changes, helping to prevent unauthorized access and potential security breaches. Monitoring the assignment of an application owner in Entra ID is crucial for security, access management, auditing, and process optimization. It helps identify unauthorized changes, manage permissions, provide audit evidence, and improve the efficiency of application management.",Medium,PT30M,PT30M,NO.,aad10abv-c3p0-1610-2024-apps07mk1088,Custom,Approved,AAD,
AADR-037 - New Domain Added to Microsoft Entra Tenant,"This rule evaluates audit events from the AuditLogs table in Microsoft Entra ID to identify instances where a new domain is added to the tenant. The detection includes both verified and unverified domains. Attackers or unauthorized insiders may add malicious or unauthorized domains to the tenant in an attempt to perform phishing attacks, bypass email security mechanisms, or set up deceptive environments for lateral movement and data exfiltration. Monitoring such events aligns with the MITRE ATT&CK framework, helping organizations mitigate risks associated with domain-based attacks. Alert Records: - Time: Timestamp of when the domain was added. - Domain Added: The name of the newly added domain. - Initiator: The identity of the user or service principal that performed the action, including their ID. - IP Address and Location: The IP address and geolocation of the initiator. Monitoring domain additions is essential for maintaining control over your tenant and identifying unauthorized configuration changes that could lead to security breaches.",Medium,PT30M,PT30M,NO.,aad5e80d-c3p0-1501-2024-677650mk1088,Custom,Approved,AAD,
AADR-038 - Activity on AAD Object made by Logic App Identity,"The rule evaluates audit events from the Microsoft Entra ID (Azure AD) AuditLogs table to detect activities performed on Azure AD objects by specific identities associated with Logic Apps or automated processes. Such identities (e.g., Azure Logic Apps - Azure AD or specified account UPN) are typically used by Microsoft Sentinel playbooks for automation purposes and should only perform actions within well-defined scopes. This rule detects the following scenarios: - The identity is used by an attacker, indicating potential misuse or compromise. - The identity is used by its designated Logic App, performing an expected operation. - The identity is used by an unauthorized Logic App, suggesting possible misconfiguration or improper usage. Alert Records: - Time: When the activity occurred. - Initiator: The identity responsible for the activity, including user principal name, ID, and IP address. - Target Object: Details of the target object, including its name, ID, and type. - Location: The geographic location derived from the initiator's IP address. - Operation: The type of activity performed on the Azure AD object. Monitoring these activities is critical to ensuring that automation accounts operate within their intended limits, minimizing risks of privilege escalation, misconfiguration, or unauthorized access.",Medium,PT15M,PT15M,Playbook - SOC_PB_Block_User_in_EntraID_due_High_Score.,aad163bc-r2d2-2701-2025-a90aa0mk1088,Custom,No,AAD,
AADR-039 - Policy Configuration Changes in Microsoft Entra ID,"This rule evaluates audit events from the AuditLogs table in Microsoft Entra ID to identify successful non-Conditional Access policy configuration changes in the Policy category. The rule monitors Update policy operations on Microsoft Entra ID policy objects and excludes Conditional Access policy changes that are covered by the dedicated Conditional Access monitoring rule. It also suppresses generic audit metadata rows and known Microsoft password reset service SPN metadata updates that do not represent actionable policy configuration changes. Alert records: - Time when the policy was updated. - Policy name and policy ID. - Modified property name. - Previous and new values for the updated property. - Initiator that performed the change, including initiator type and ID. - Source IP address, when available. - Correlation ID and original audit context. Changes to identity-related policies may indicate administrative activity, misconfiguration, or unauthorized modification of tenant security controls. Monitoring these changes helps maintain policy governance and supports investigation of unexpected configuration drift outside Conditional Access policy management.",Medium,PT1H,PT1H,NO.,aad164bc-r2d2-2504-2025-a88aa0mk1088,Custom,Approved,AAD,
AADR-040 - Credential Abuse Blocked by Conditional Access,"The rule evaluates audit events from the SigninLogs table in Microsoft Entra ID to identify potential credential abuse attempts that were blocked by Conditional Access (CA) policies. The rule focuses on successful credential submissions that were ultimately denied access due to Conditional Access enforcement (ResultType 53003). Such events indicate that the credentials were technically valid but failed risk-based evaluation – a common symptom of credential theft or abuse. To reduce noise, the rule filters out trusted IP addresses based on a watchlist and non-critical devices (e.g., compliant corporate assets). Alert Records: - Time: Timestamp of the blocked sign-in attempt. - User: UserPrincipalName and UserId used during the attempt. - IP Address and Location: Source of the login, including city and country. - Application: The application being accessed during the sign-in attempt. - Device: Device OS, compliance status, management status, and trust type. - Failed Policies: Conditional Access policy names that blocked the sign-in. - Privilege: Whether the user has elevated roles assigned. Monitoring these activities supports early detection of account compromise and strengthens the organization’s identity protection strategy.",Low,PT1H,PT1H,watchlist (Known_IPs_and_Subnets).,aad040bc-r2d2-1405-2025-a99aa0mk1088,Custom,Approved,AAD,
AADR-041 - Privilege Elevation to User Access Administrator in Entra ID,"The rule detects the elevation of access permissions to the ""User Access Administrator"" role at the Microsoft Entra ID tenant level. The ""Elevate Access"" operation grants significant privileges allowing broad access management across all Azure resources within the tenant. Such an action is typically performed only in exceptional circumstances and should be closely monitored, as unauthorized or malicious usage could lead to privilege escalation, unauthorized access, or compromise of Azure resources. Monitoring these elevations is essential to promptly detect and investigate potential security incidents involving misuse of administrative privileges. Alert Records: -Time: Timestamp of the privilege elevation - Initiator: User principal name or application that initiated the operation - IP Address: Source IP address of the operation - Location: Geographical location determined by the IP address Investigate promptly any elevation to User Access Administrator, ensuring it aligns with authorized administrative tasks.",High,PT15M,PT15M,NO.,aad041bc-c3p0-0408-2025-a59aa0mk1088,Custom,Approved,AAD,
AADR-042 - Pass-the-Cookie Attack in Microsoft 365,"The rule evaluates audit events from the AADNonInteractiveUserSignInLogs table to identify potential Pass-the-Cookie activity. The rule focuses on sign-ins via browser-based, non-interactive sessions using the same session ID across significantly different locations and IP addresses. Such activity is commonly associated with session hijacking techniques, where an attacker reuses a legitimate session token (cookie) to authenticate without needing the user's password or MFA. This rule specifically detects rapid changes in geographic location during a single session, using high travel speed (e.g., > 120 km/h), sign-in from unknown or rare IP addresses, and access from previously unseen locations. Alert Records: - Time: Current and previous sign-in timestamps. - Session: Shared session ID across distinct locations. - Location: Current and previous IP address and location information. - Distance & Speed: Calculated travel distance and speed between sign-ins. - User & Application: Affected user, accessed application, and client app used. - Device: Current and previous device name, compliance, and managed state. Detecting session reuse across geographically distant locations helps identify advanced attacks bypassing authentication controls. These attacks are difficult to detect using traditional login anomaly rules and require behavioral correlation across session data.",Medium,PT1H,P14D,watchlist (Known_IPs_and_Subnets).,aad042bc-r2d2-0711-2025-a60bb0mk1088,Custom,Approved,AAD,
AADR-043 - Legacy Authentication Bypassing MFA and Conditional Access,"This rule evaluates audit events from the AADNonInteractiveUserSignInLogs table in Microsoft Entra ID to identify successful non-interactive sign-ins performed via legacy authentication protocols. The rule looks for successful authentications where the client application matches common legacy protocols (for example IMAP4, POP3, SMTP, Exchange ActiveSync, Exchange Web Services, and Exchange Online PowerShell). It then aggregates activity per user and application over the last hour and triggers when the number of successful non-interactive sign-ins exceeds a defined threshold (more than 3). Attackers who obtain valid credentials may intentionally use legacy authentication because these protocols are often less capable of enforcing modern controls and may be used to bypass protections such as MFA enforcement and Conditional Access requirements. This can enable unauthorized access to services (commonly email-related workloads) while reducing visibility and friction compared to interactive sign-ins. Alert records: - Time: FirstSeen, LastSeen (time range of the aggregated activity). - User: UserPrincipalName, UserId. - Application: AppDisplayName. - Activity: SignInCount (number of successful non-interactive sign-ins). - Network: IPAddress (representative IP), plus aggregated IPs and Countries. - Protocol: Protocols. We monitor this activity because legacy authentication remains a frequent avenue for account misuse and automation, especially for mailbox access. Elevated volumes of successful non-interactive sign-ins using legacy protocols can indicate credential compromise, insecure client configurations, or unauthorized access paths that should be reduced or blocked to improve identity security posture.",Medium,PT1H,PT1H,req AADNonInteractiveUserSignInLogs.,aad043bc-r2d2-2502-2026-a60bb0mk1088,Custom,Approved,AAD,
AADR-044 - Stale Membership in Temporary Entra ID Groups,"This rule evaluates audit events from the AuditLogs table in Microsoft Entra ID to identify cases where a member was added to a temporary Entra ID group but was not removed within the expected time window. The rule monitors successful Add member to group operations for groups classified as temporary (defined via a watchlist) and correlates them with corresponding Remove member from group events. If no removal action is observed after the membership addition, or if the removal occurred before the addition event, the membership is considered stale. Such conditions may result from operational oversight, misconfigured automation, or failures in access governance processes. In more severe scenarios, an attacker or insider with sufficient permissions could intentionally retain group membership to maintain access beyond the approved duration. This activity aligns with the MITRE ATT&CK framework, as maintaining unintended group membership can be used to achieve persistence or privilege escalation by manipulating account permissions. Alert records: - Time: When the group membership was added. - Group: Name and object ID of the temporary Entra ID group. - Target: The user or service principal added to the group. - Initiator: The user or application that performed the membership change. - IP address: Source IP address associated with the add operation. - Correlation ID: Identifier used to correlate related audit events. Monitoring this activity is critical because temporary Entra ID groups are commonly used to grant time-bound or elevated access. Failure to revoke such access increases the risk of unauthorized privilege retention, policy violations, and prolonged exposure of sensitive resources.",Low,P1D,P14D,watchlist (EntraId_TemporaryGroups).,entra400-r2d2-0902-2026-000239mk1088,Custom,Approved,AAD,
AADR-045 - Password Spray Attack via Non-Interactive Sign-Ins,"This rule evaluates audit events from the AADNonInteractiveUserSignInLogs table in Microsoft Entra ID to detect password spray attacks performed through non-interactive authentication attempts. The rule identifies scenarios where a single IP address generates failed sign-in attempts against multiple user accounts within a defined time window using common authentication error codes (e.g., 50034, 50053, 50126), and triggers when the number of targeted accounts exceeds a defined threshold (e.g., more than 10 users or at least 10% of organization members). Password spraying is a credential access technique in which an attacker attempts a small number of commonly used passwords across many accounts to avoid lockouts and evade detection; non-interactive sign-ins are particularly attractive because they may leverage legacy protocols or background authentication flows that are less visible to end users and traditional monitoring controls. Alert records: - Time window: FirstSeen and LastSeen of the activity - Source: IP address and geographic location - Targeted accounts: Number of unique users (TargetCount) - Failure details: Total failed attempts (FailCount) and associated result codes - User agents observed during the activity Monitoring this activity aligns with the MITRE ATT&CK technique T1110.003 – Password Spraying and is critical for detecting credential access attempts that may lead to account compromise.",Medium,PT1H,P14D,req AADNonInteractiveUserSignInLogs.,entra045-c3p0-2602-2026-5pray9mk1088,Custom,Approved,AAD,
AADR-046 - Legacy ROPC Authentication Observed,"This rule identifies the use of the Resource Owner Password Credentials (ROPC) OAuth flow in non-interactive sign-ins to Microsoft Entra ID. ROPC is a legacy authentication mechanism in which an application submits the user's username and password directly to the authorization endpoint in order to obtain an access token. This model is considered less secure than modern interactive authentication flows because it requires handling user credentials within the application. ROPC usage may indicate: - A legacy application or integration relying on password-based authentication - An automation script using stored user credentials - Programmatic authentication performed with a user account The presence of this authentication flow should be periodically reviewed and restricted to approved and documented use cases only. Alert records: - Time: When the ROPC sign-in occurred - User: UserPrincipalName and UserId - Application: AppDisplayName - Source: IP address and resolved location - Result: ResultType (successful sign-in) Monitoring this activity is important because ROPC usage can indicate legacy integrations, automation using stored credentials, or potential credential misuse. ROPC should be restricted to approved and documented use cases and reviewed regularly.",Low,PT1H,PT1H,req AADNonInteractiveUserSignInLogs. watchlist (ROPC_Authentication_Exceptions).,entra046-c3p0-2602-2026-r0p0y9mk1088,Custom,Approved,AAD,
AADR-047 - Refresh Token Replay from New Locations,"This rule analyzes audit events from the AADNonInteractiveUserSignInLogs table in Microsoft Entra ID to identify high-frequency successful non-interactive authentication activity within a single session (SessionId) observed from multiple countries within the configured time window. The detection identifies scenarios where the same session context is associated with more than one geographic country, which may indicate refresh token replay, session reuse across locations, or unauthorized use of authentication artifacts. To reduce false positives, the detection excludes trusted network locations, known corporate IP ranges, and Microsoft applications that are known to generate high-volume background authentication traffic. Alert records include: - Time window: FirstSeen and LastSeen of the activity - UserPrincipalName and UserId - AppDisplayName - SessionId - Volume of RefreshCount (successful non-interactive authentications) - Countries observed within the session - Source addresses Reuse of the same session across multiple countries within a short period is atypical in standard user behavior and may represent token replay or unauthorized reuse of authentication artifacts, potentially leading to account compromise and unauthorized access to cloud resources.",Medium,PT1H,PT1H,req AADNonInteractiveUserSignInLogs. watchlist (Known_IPs_and_Subnets).,entra047-c3p0-2702-2026-r3pla7mk1088,Custom,Approved,AAD,
AZUR-001 - Azure Diagnostic Settings Deleted From Resource,"The rule evaluates for diagnostic settings that are removed from a resource. This could indicate an attacker or malicious internal trying to evade detection before malicious acts are performed. If the diagnostic settings are being deleted as part of a parent resource deletion, the event is ignored. The resource deleting is monitored by detection rule Cloud resource deletions by User.",Low,PT1H,PT1H,Watchlist (SubscriptionList) logs AADServicePrincipalSignInLogs.,az2590e3-r2d2-0708-2023-c5f990mk1088,Custom,Approved,AZUR,
AZUR-002 - Azure Resource Role Assignment,"The rule evaluates events from the AzureActivity and AuditLogs tables to detect the assignment of Azure resource roles, including both standard Identity and Access Management (IAM) operations and Privileged Identity Management (PIM) role activations. Attackers or unauthorized administrators may assign elevated roles to bypass access controls, establish persistence, or access sensitive resources. This rule supports the principle of least privilege and ensures proper visibility into privileged access management. Alert Records: - Time: When the role assignment took place. - Target: Type, name, and ID of the identity receiving the role. - Role Details: Name, ID, severity classification, and source (Azure or Entra ID). - Scope: Scope type and resource associated with the assignment (e.g., Subscription, Resource Group). - Caller: User or application assigning the role, along with their IP address. - Location: Geographic origin of the caller's IP address. - Activity Type: Indicates whether the role was assigned via IAM or PIM and the nature of the operation. Monitoring privileged role assignments across Azure resources is essential for detecting unauthorized privilege elevation, ensuring role governance, and reducing the attack surface for identity-based threats.",High,PT15M,PT2H,Watchlist (Azure-Role).,az2e0eb5-sp03-2022-bb88-90b509mk1088,Custom,Approved,AZUR,
AZUR-003 - Azure Virtual Network Perring Configuration Activity,"The Azure Virtual Network Peering Configuration Activity detection rule is designed to monitor and alert on any successful ‘Write’ operations performed on Azure Virtual Network Peering. These operations could potentially indicate changes in the network infrastructure, which might have implications for security, performance, or functionality. Virtual Network Peering can serve as a router and open a pathway to your environment even from another tenant (Cross-tenant peering). Configurations of VNet peering appear very rarely and should always be supported by an appropriate change request. The alert records include the following details: - Time: The timestamp of the activity. - Resource Details: Information about the resource, including type, name, id, resource group, and subscription id. - Caller Details: Information about the caller, including type, name, id, IP address, and role. - Properties, Authorization, Claims: Additional details about the operation. - Location Details: Geographical information related to the operation. - Correlation Id: A unique identifier for the operation. Monitoring such activities can help in maintaining the security and integrity of the network infrastructure.",Low,PT1H,PT1H,NO.,az14b29a-r2d2-2003-2024-2a90e5mk1088,Custom,Approved,AZUR,
AZUR-004 - Azure VM Run Command linked with MDE,Identifies any Azure VM Run Command operations and links these operations with MDE host logging. Linking these two data sources provides hunting opportunities. Logging from AzureActivity provides the IP address and UPN of the account that invoked the command. Joining this with logging from MDE provides insights into what cmdlets were loaded by the command.,Medium,PT1H,PT1H,Request MDE logs.,55fbc363-6cc9-4201-bd68-d980b612082b,Out of Box,Maybe,AZUR,
AZUR-005 - Azure VM Run Command operation executed during suspicious login window,Identifies when the Azure Run Command operation is executed by a UserPrincipalName and IP Address that has resulted in a recent user entity behaviour alert.,High,P1D,P2D,Request UEBA logs.,az3650dd-ig10-2022-9195-fa5704mk1088,Out of Box,Approved,AZUR,
AZUR-006 - Azure VM Run Command operations executing a unique PowerShell script,"This rule evaluates AzureActivity logs to detect the use of Azure Run Command for executing PowerShell scripts on virtual machines. It correlates these logs with DeviceFileEvents and DeviceEvents to track the creation and execution of PowerShell scripts. The uniqueness of the PowerShell script is determined by hashing the cmdlets called within the script and its file size. Attackers or insiders may use Azure Run Command to execute unauthorized or malicious PowerShell scripts on virtual machines. Detecting unique or rare scripts can help identify unusual activity that deviates from typical administrative behavior, potentially indicating attempts to establish persistence, escalate privileges, or compromise resources. Rule Name Suggestions: Unique PowerShell Script Executed via Azure VM Run Command Uncommon PowerShell Run Command Execution on Virtual Machine Azure VM Run Command - Unique PowerShell Script Execution Rare PowerShell Execution via Azure Run Command Unique PowerShell Run Detected on Azure Virtual Machine Rule Description: This rule evaluates AzureActivity logs to detect the use of Azure Run Command for executing PowerShell scripts on virtual machines. It correlates these logs with DeviceFileEvents and DeviceEvents to track the creation and execution of PowerShell scripts. The uniqueness of the PowerShell script is determined by hashing the cmdlets called within the script and its file size. Attackers or insiders may use Azure Run Command to execute unauthorized or malicious PowerShell scripts on virtual machines. Detecting unique or rare scripts can help identify unusual activity that deviates from typical administrative behavior, potentially indicating attempts to establish persistence, escalate privileges, or compromise resources. Alert Records: - Start Time: The start time of the Azure Run Command activity. - End Time: The end time of the Azure Run Command activity. - PowerShell File Name: The name of the PowerShell script executed. - Virtual Machine: The name of the affected virtual machine. - Caller: The user or process responsible for executing the PowerShell script. - Caller IP Address: The IP address from which the Run Command was executed. - PowerShell Script Commands: The cmdlets called within the PowerShell script. - PowerShell File Size: The size of the PowerShell script file. - Prevalence: A percentage indicating how often this script has been observed in the environment. Monitoring unique PowerShell scripts executed via Azure Run Command is essential for detecting potential threats, ensuring accountability, and identifying deviations from normal operational activity.",Medium,P1D,P1D,NO.,az1ef078-mse6-2022-a58a-c1e6f5mk1088,Out of Box,Approved,AZUR,
AZUR-007 - BYOK Enabled on Storage Account or Disk,"The rule is designed to monitor and alert on activities related to the enablement of Bring Your Own Key (BYOK) on Azure Storage or VM Disk. BYOK is a feature that allows you to control and manage the key used for disk encryption. While this is a legitimate operation, it can pose a potential security risk if it's not part of your organization's policy or if it's performed by an unauthorized user. When the rule detects any of the mentioned activities, it generates one of the following alerts: - BYOK Enabled on Azure Storage Account - BYOK Enabled on Azure Disk The alert records include the following details: - Time: The timestamp of the activity. - Resource Details: Information about the resource, including type, name, id, resource group, and subscription id. - Caller Details: Information about the caller, including type, name, id, IP address, and role. - BYOK Properties: Specific properties related to the BYOK operation. - Properties, Authorization, Claims: Additional details about the operation. - Location Details: Geographical information related to the operation. - Encryption Details: Information about the encryption, including type, key source, key name, disk encryption set id, and user-assigned identity. - Correlation Id: A unique identifier for the operation. These alerts are designed to provide comprehensive visibility into BYOK-related activities in your Azure environment, helping you maintain security and compliance. If you receive such an alert, it's important to verify whether the activity was expected and authorized. If not, it may indicate a potential security issue that needs to be addressed. Always follow your organization's policy and procedures when responding to such alerts.",Medium,PT1H,PT1H,NO.,az1cc27d-c3p0-2003-2024-20c491mk1088,Custom,Approved,AZUR,
AZUR-008 - Cloud resource deletions by User,The rule detects cloud resource deletions by an individual user. These deletions from unusual or privileged users could be an indication of a cloud infrastructure takedown by an adversary. Resources for Microsoft Sentinel are monitored under a different rule and are not included in this rule.,Low/Medium/High,P1D,P1D,NO.,azure164-ig11-1306-2023-558722mk1088,Custom,Approved,AZUR,
AZUR-009 - Creation of expensive VMs in Azure Cloud,"The rule evaluates audit records at the Subscription level and detects the creation of large-size virtual machines (with GPU or a significant number of virtual CPUs) in Azure, i.e., very expensive VMs. The initiator may create new or update existing virtual machine sizes to circumvent defenses or use them for cryptocurrency mining purposes. The link below provides a preview of prices for individual VM sizes in various regions. https://azure.microsoft.com/en-us/pricing/details/virtual-machines/windows/",Low,PT1H,PT1H,NO.,azvm5888-r2d2-1502-2024-3c2e50mk1088,Custom,Approved,AZUR,
AZUR-010 - Azure Role Definition Change Activity,"The rule evaluates audit events from the AzureActivity table to detect changes to Azure role definitions. It monitors successful operations such as roleDefinitions/write and roleDefinitions/delete, identifying role creation, updates, and deletions performed within Azure subscriptions. Unauthorized modifications to role definitions may introduce misconfigured permissions, weaken access control, or allow for privilege escalation. Monitoring these changes is essential to protect sensitive resources and ensure that role management aligns with organizational policies and least-privilege principles. Alert Records: - Time: When the role definition activity was successfully performed. - Operation: Activity type (Created, Updated, Deleted). - Role Details: Role name, ID, description, permissions, and assignable scope. - Caller: Principal identity, type, and role of the initiator. - Location: IP address and geolocation (country and city) from which the activity originated. - Subscription and Resource Context: Azure resource ID, subscription ID, and resource group involved. Monitoring Azure role definition changes is critical for detecting configuration drift, unauthorized privilege changes, and ensuring adherence to governance standards.",Medium,PT30M,PT30M,Watchlist (Azure-Role).,az30d66f-c3p0-2811-2022-3fe432mk1088,Custom,Approved,AZUR,
AZUR-011 - Detection of LA Workspace Deletion and Data Purge,"The rule evaluates audit logs at the Subscription level associated with the Log Analytics Workspace. The rule detects Data Purge activities or attempts to delete workspaces within the Log Analytics environment. Workspace deletion alerts help identify potential malicious actions, where attackers may seek to disrupt services by deleting workspaces after compromise or selectively deleting specific data from LA. These operations require critical permissions and are very rare. It is important to note that data purges are not immediate operations and can take hours to days, necessitating a prompt examination of the affected data and consideration of creating backups if the action is deemed unauthorized. The alert records details about the Caller and the used IP address, Log Analytics Workspace Name, and the entire scope (resource), including the table in LA where data deletion is occurring. This dual-focused rule enhances overall security by addressing various threats to the Log Analytics workspace.",High,NRT,NRT,NO.,aa171908-r2d2-2022-a979-bdaa70mk1088,Custom,Approved,AZUR,
AZUR-012 - Detection of previously unseen Azure Subscription,"The rule detects events from a previously unseen Azure Subscription. This event may indicate the creation of a new Subscription or starting to collect audit events from a subscription to Log Analytics. Enter the SubscriptionID and Subscription Name into the watchlist ""SubscriptionList"" for subsequent correlation options.",Informational,P1D,P1D,Watchlist (SubscriptionList).,az02babe-c3p0-2012-2022-8bea49mk1088,Custom,No,AZUR,
AZUR-013 - IP Forwarding Enabled on Azure Network Interface,"The rule is designed to identify whether IP Forwarding is enabled on an Azure Network Interface (NIC). IP forwarding is a crucial process that facilitates the routing of IP packets from one router to another until they reach their intended destination. Ensuring the correct configuration of IP forwarding is essential to prevent vulnerabilities in network traffic and unauthorized forwarding. Incorrect settings may expose the network to unwanted traffic, potentially compromising security. Adherence to security protocols and continuous monitoring of IP forwarding activities is crucial. Monitoring allows for the prompt detection of unusual or potentially harmful activities associated with IP forwarding, enabling swift responses to anomalies and potential threats. Alert records: - Information about the Caller, such as ID and IP. - Resource and Resource ID. - Configuration properties, such as IP configuration.",Low,PT1H,PT1H,NO.,azure0c6-r2d2-0603-2024-nic028mk1088,Custom,Approved,AZUR,
AZUR-014 - Multi-user authorization protection Disabled for Azure Backup,"The rule evaluates operations at the subscription level (Azure Activity) and reveals successful disabling of Multi-user authorization (MUA) protection for Azure Backup. For MUA, Azure Backup uses the Resource Guard as an additional authorization mechanism for a Recovery Services vault or a Backup vault, to ensure critical operations are performed only with applicable authorization. Alert is generated if operation ""backupResourceGuardProxies"" is detected. Alert records: - Information about the Caller, such as ID and IP. - Resource and Resource ID. Disabling Multi-user authorization (MUA) can pose a security risk. This operation is rare and should practically never occur in the environment. Ref: https://learn.microsoft.com/en-us/azure/backup/multi-user-authorization?tabs=azure-portal&pivots=vaults-recovery-services-vault",Medium,PT1H,PT1H,NO.,az841dba-r2d2-1403-2024-c6a711mk1088,Custom,Approved,AZUR,
AZUR-015 - New CloudShell User,Identifies when a user creates an Azure CloudShell for the first time. Monitor this activity to ensure only the expected users are using CloudShell.,Low,P1D,P1D,NO.,1f183bb3-1aa7-42d3-ad32-7938e3d3b133,Out of Box,Approved,AZUR,
AZUR-016 - Rare subscription-level operations in Azure,This query looks for a few sensitive subscription-level events based on Azure Activity Logs. For example this monitors for the operation name 'Create or Update Snapshot' which is used for creating backups but could be misused by attackers to dump hashes or extract sensitive information from the disk.,Low,P1D,P1D,NO.,fd4004be-cae3-4386-a0ea-6cde24326525,Out of Box,Approved,AZUR,
AZUR-017 - Suspicious Activity on Azure Policy,"This rule evaluates AzureActivity logs to identify successful suspicious or sensitive changes related to Azure Policy. The rule detects Azure Policy assignment deletion, Azure Policy assignment update or replacement patterns, Azure Policy exemption creation, and Azure Policy exclusion creation. Assignment update activity is identified when a policy assignment is deleted and then recreated with the same policy name in the same subscription within a short correlation window. Standalone policy assignment write operations without a matching delete event and without notScopes are not alerted. Alert records: - Time when the Azure Policy activity occurred. - Activity type and dynamic alert name. - Azure Policy name and related policy definition ID. - Deleted assignment, new assignment, exclusion ID, or exemption ID when available. - Subscription, resource group, and resource ID. - Caller identity, caller type, caller role, and source IP address. - Detection reason explaining why the activity was classified. These activities may indicate unauthorized or unexpected changes to Azure Policy governance controls. Policy assignment deletion, replacement, exemptions, or exclusions can weaken security and compliance enforcement and should normally be associated with an approved change request.",Medium,PT1H,PT2H,NO.,azp0l111-r2d2-1503-2024-efcf79mk1088,Custom,Approved,AZUR,
AZUR-018 - Suspicious number of resource creation or deployment activities,Indicates when an anomalous number of VM creations or deployment activities occur in Azure via the AzureActivity log. The anomaly detection identifies activities that have occurred both since the start of the day 1 day ago and the start of the day 7 days ago. The start of the day is considered 12am UTC time.,Medium,P1D,P7D,NO.,6259ea2c-c284-49a1-aa4f-ecfdee6e9011,Out of Box,Approved,AZUR,
Azure DevOps Administrator Group Monitoring,This detection monitors for additions to projects or project collection administration groups in an Azure DevOps Organization.,Medium,PT4H,PT4H,NO.,62bd3179-bd43-4cbe-af7a-2ea863c67750,Out of Box,,AzDevOps,
Azure DevOps Agent Pool Created Then Deleted,"As well as adding build agents to an existing pool to execute malicious activity within a pipeline, an attacker could create a complete new agent pool and use this for execution. Azure DevOps allows for the creation of agent pools with Azure hosted infrastructure or self-hosted infrastructure. Given the additional customizability of self-hosted agents this detection focuses on the creation of new self-hosted pools. To further reduce false positive rates the detection looks for pools created and deleted relatively quickly (within 7 days by default), as an attacker is likely to remove a malicious pool once used in order to reduce/remove evidence of their activity.",High,P7D,P14D,NO.,291ead9d-3d53-4799-af92-b85d953b8528,Out of Box,,AzDevOps,
Azure DevOps Build Variable Modified by New User,"Variables can be configured and used at any stage of the build process in Azure DevOps to inject values. An attacker with the required permissions could modify or add to these variables to conduct malicious activity such as changing paths or remote endpoints called during the build. As variables are often changed by users, just detecting these changes would have a high false positive rate. This detection looks for modifications to variable groups where that user has not been observed modifying them before.",Medium,P1D,P14D,NO.,3dda692a-2a3b-4a49-9fb4-b342dd02b87c,Out of Box,,AzDevOps,
Azure DevOps Personal Access Token used,"The rule evaluate whenever a Personal Access Token (PAT) is used and where is used. PATs are intended for programmatic access use in code or applications and should not be normaly used in Browsers. PAT used in browser could be an indicator of an attacker using a stolen PAT. A PAT identifies you, your accessible organizations, and scopes of access. PAT contains your security credentials and can be used as an alternate password to authenticate into Azure DevOps, so you should treat them the same way. This can be prone to attacker theft if not adequately secured.",High,PT1H,PT1H,exl UPNs if needed.,,Custom,,AzDevOps,
Azure DevOps Pipeline Created and Deleted on the Same Day,"An attacker with access to Azure DevOps could create a pipeline to inject artifacts used by other pipelines, or to create a malicious software build that looks legitimate by using a pipeline that incorporates legitimate elements. An attacker would also likely want to cover their tracks once conducting such activity. This query looks for Pipelines created and deleted within the same day, this is unlikely to be legitimate user activity in the majority of cases.",Medium,P3D,P3D,NO.,6fbf45c6-524f-40dd-8d7b-eaa8a6b75442,Out of Box,,AzDevOps,
Azure DevOps Pipeline modified by a new user,There are several potential pipeline steps that could be modified by an attacker to inject malicious code into the build cycle. A likely attacker path is the modification to an existing pipeline that they have access to. This detection looks for users modifying a pipeline when they have not previously been observed modifying or creating that pipeline before. This query also joins events with data to Azure AD Identity Protection (AAD IdP) in order to show if the user conducting the action has any associated AAD IdP alerts. You can also choose to filter this detection to only alert when the user also has AAD IdP alerts associated with them.,Medium,P1D,P14D,NO.,ebe68721-4f58-4f2d-a350-0ad711af285d,Out of Box,,AzDevOps,
Azure DevOps Pull Request Policy Bypassing - Historic allow list,"This detection builds an allow list of historic PR policy bypasses and compares to recent history, flagging pull request bypasses that are not manually in the allow list and not historically included in the allow list.",Medium,PT3H,P14D,NO.,837e8e61-e5c5-4349-a55d-46288ee49705,Out of Box,,AzDevOps,
Azure DevOps Retention Reduced,"AzureDevOps retains items such as run records and produced artifacts for a configurable amount of time. An attacker looking to reduce the footprint left by their malicious activity may look to reduce the retention time for artifacts and runs. This query will look for where retention has been reduced to the minimum level - 1, or reduced by more than half.",Low,P1D,P1D,NO.,ee0ae307-380d-4fd6-a3fa-c7080542f630,Out of Box,,AzDevOps,
Azure DevOps Service Connection Abuse,Flags builds/releases that use a large number of service connections if they aren't manually in the allow list. This is to determine if someone is hijacking a build/release and adding many service connections in order to abuse or dump credentials from service connections.,Medium,P1D,P14D,NO.,b5e26637-4568-4c21-bed3-52830cb065e9,Out of Box,,AzDevOps,
Azure DevOps Service Connection Addition/Abuse - Historic allow list,"This detection builds an allow list of historic service connection use by Builds and Releases and compares to recent history, flagging growth of service connection use which are not manually included in the allow list and not historically included in the allow list Build/Release runs. This is to determine if someone is hijacking a build/release and adding many service connections in order to abuse or dump credentials from service connections.",Medium,PT6H,P14D,NO.,a0461079-b184-448c-9911-71881a5d4705,Out of Box,,AzDevOps,
Azure DevOps Variable Secret Not Secured,Credentials used in the build process may be stored as Azure DevOps variables. To secure these variables they should be stored in KeyVault or marked as Secrets. This detection looks for new variables added with names that suggest they are credentials but where they are not set as Secrets or stored in KeyVault.,Medium,P1D,P1D,NO.,,Custom,,AzDevOps,
Extension Added to Azure DevOps,"The rule detects if extension is added to Azure DevOps. The rule records an Actor UPN and ID, extension name, publisher etc. An attacker could use a malicious extension to conduct malicious activity.",Low,P1H,P1H,NO.,,Custom,,AzDevOps,
External Upstream Source Added to Azure DevOps Feed,The detection looks for new external sources added to an Azure DevOps feed. An allow list can be customized to explicitly allow known good sources. An attacker could look to add a malicious feed in order to inject malicious packages into a build pipeline.,Medium,P1D,P1D,NO.,5e674068-c12a-48ff-a4f8-4d2ba16201f7,Custom,,AzDevOps,
Multiple Approvals by Single Approver for Azure DevOps Release Deployment,"The rule evaluates approval processes for software releases in Azure DevOps and identifies situations where a single approver approved multiple times. The rule monitors events of the type ""Release.ApprovalCompleted"" in the log data of Azure DevOps. If the number of approvals is higher than the number of unique approvers, the rule evaluates this situation as suspicious and incident is generated and records Project, PipelineId, PipelineName, ActorDisplayName, ApprovalTime. Further investigation and corrective actions may be required to address this issue.",Medium,PT1H,P14D,NO.,,Custom,,AzDevOps,
New Agent Added to Pool by New User or Added to a New OS Type,"As seen in attacks such as SolarWinds attackers can look to subvert a build process by controlling build servers. Azure DevOps uses agent pools to execute pipeline tasks. An attacker could insert compromised agents that they control into the pools in order to execute malicious code. This query looks for users adding agents to pools they have not added agents to before, or adding agents to a pool of an OS that has not been added to that pool before. This detection has potential for false positives so has a configurable allow list to allow for certain users to be excluded from the logic.",Medium,P1D,P14D,NO.,fe81b65c-8e3d-49fd-997f-5929f072adb5,Out of Box,,AzDevOps,
"New PA, PCA, or PCAS added to Azure DevOps","In order for an attacker to be able to conduct many potential attacks against Azure DevOps they will need to gain elevated permissions. This detection looks for users being granted key administrative permissions. If the principal of least privilege is applied, the number of users granted these permissions should be small. Note that permissions can also be granted via Azure AD groups and monitoring of these should also be conducted.",Medium,P1D,P1D,NO.,a62776df-6241-404a-b5a5-410867492d3c,Out of Box,,AzDevOps,
NRT Azure DevOps Audit Stream Disabled,"Azure DevOps allow for audit logs to be streamed to external storage solutions such as SIEM solutions. An attacker looking to hide malicious Azure DevOps activity from defenders may look to disable data streams before conducting activity and then re-enabling the stream after (so as not to raise data threshold-based alarms). Looking for disabled audit streams can identify this activity, and due to the nature of the action its unlikely to have a high false positive rate.",High,NRT,NRT,NO.,cdfea885-1480-4cfc-8f2d-a3768324e3fa,Out of Box,,AzDevOps,
BCEN-001 - Missing Business Central Audit Logs,"The rule evaluates Business Central logs to detect when no logs have been received from Business Central for a specified duration. The rule analyzes the timestamp of the most recent log event and checks whether the gap exceeds the defined threshold, indicating potential issues with log generation or transmission. If Business Central fails to send logs for an extended period, this could signal a misconfiguration, malfunction, or potential compromise. Monitoring this event helps maintain compliance and ensures that auditing mechanisms are functioning properly, particularly in environments reliant on Business Central for critical business operations. Alert Records: - Time: The time when the last log event was received from Business Central. - Device: The device name, type, and IP address from which the log was generated. - LastLogTime: The timestamp of the last log event. - TimeSinceLastLog: The duration since the last log was received. Monitoring this activity ensures that log transmission from Business Central is continuous and timely, highlighting potential system issues or risks related to audit and monitoring.",Low,PT1H30M,PT1H30M,NO.,bcen001a-c3p0-2406-2025-e8fc78mk1088,Custom,Approved,BC,
BCEN-002 - Business Central Permission Assignment,"The rule evaluates audit events from the BusinessCentral_CL table to identify permission assignments in the Microsoft Dynamics 365 Business Central environment. The rule detects when a user is granted new permissions, including critical roles such as SUPER, which provide broad administrative access. It evaluates who made the change, what permission was assigned, to whom, and in which scope (e.g., environment, company, or organization). Alert Records: - Event Time: When the permission change occurred. - Initiator: The identity of the user who made the change. - Target: The user who received the new permission, including their name and internal ID. - Action: The nature of the change, including the old and new permission values. - Scope: The level or entity (e.g., company, organization) to which the permission applies. Monitoring permission assignments is essential for enforcing least-privilege principles, preventing misuse of elevated access rights, and ensuring that critical roles are assigned only under approved circumstances. This rule aligns with the MITRE ATT&CK technique T1098 - Account Manipulation and supports organizational efforts to monitor identity governance within ERP platforms.",Medium / High,PT30M,PT30M,NO.,bcen002a-r2d2-3006-2025-e8fc79mk1088,Custom,Approved,BC,
BCEN-003 - Bulk Removal of User Permissions from Business Central,"The rule evaluates audit events from the BusinessCentral_CL table to identify situations where permissions are removed from multiple user accounts in Microsoft Dynamics 365 Business Central within a short period. Attackers or malicious insiders may attempt to weaken security controls by removing permissions from several user accounts, including the highly privileged ""SUPER"" role. Such actions can lead to privilege abuse, operational sabotage, or attempts to evade detection. Alert records: - Start/End: The time interval during which the permissions were removed. - Initiator: The account or identity that performed the permission removals. - Users: Domain, Names and IDs of affected user accounts. - Permission: The type or types of permission removed, including if the ""SUPER"" role was affected. - UsersRemoved: The number of user accounts with permissions removed. - Operation Duration: How quickly the permissions were removed. Monitoring this activity is critical because the bulk removal of permissions, especially from privileged roles, can undermine organizational security and disrupt business operations.",Low / Medium,PT30M,PT30M,NO.,bcen003a-ig66-1507-2025-q8fc80mk1088,,Approved,BC,
BCEN-004 - Multiple User Accounts Disabled or Deleted in Business Central,"The rule evaluates audit events from the BusinessCentral_CL table to detect situations where multiple user accounts are deleted or disabled within a short time interval in Microsoft Dynamics 365 Business Central. Attackers or malicious insiders may attempt to disrupt operations, cover their tracks, or remove legitimate user access by deleting or disabling a large number of user accounts in rapid succession. Such mass modifications are uncommon in standard administrative workflows and typically indicate misuse of privileged access or an attempt to hinder incident response. Alert records: - Start / End: The time window during which the user accounts were deleted or disabled. - Affected Users: The total number of user accounts impacted by the operation. - User Names / IDs: Details of the affected accounts. - Initiator: The user or process responsible for initiating the action. - Operation Duration: The total time (in seconds) during which the mass action was performed. - Event: The type of action (User Deleted or User Disabled). - Scope: The relevant scope or context within Business Central. Monitoring this activity is critical because a high number of user account deletions or modifications within a short period can seriously impact business operations, disrupt user access, and may indicate a broader security incident. Early detection allows for rapid investigation and remediation.",Low,PT30M,PT30M,NO.,bcen004a-c3p0-1707-2025-q99c80mk1088,,Approved,BC,
MCOP-001 - Copilot Indirect Prompt Injection,"This rule evaluates Microsoft 365 Copilot activity from the CopilotActivity table to identify Copilot interactions where an accessed grounding resource was flagged for indirect prompt injection, also known as cross-prompt injection attack (XPIA). The rule inspects CopilotInteraction records and expands LLMEventData.AccessedResources to detect resources where XPIADetected is true. Alert records: - First and last time when the XPIA-flagged resource access was observed. - Copilot context or named Copilot agent involved in the interaction. - Initiator identity, initiator IP address, location, and IP type. - Copilot thread ID associated with the interaction. - Resource type, resource actions, accessed sites, resource status, and sensitivity label ID. This activity may indicate exposure to grounding content containing instructions intended to manipulate Copilot behavior. The alert does not confirm successful compromise, prompt execution, or data exfiltration, but it should be reviewed by an analyst.",Medium,PT1H,PT1H,NO.,mscop001-c3p0-2705-2026-72f9d9mk1088,Custom,Approved,COPI,
MCOP-002 - Copilot Jailbreak Attempt,"This rule evaluates Microsoft 365 Copilot activity from the CopilotActivity table to identify Copilot interactions where one or more messages were flagged for a jailbreak attempt. The rule inspects CopilotInteraction records and expands LLMEventData.Messages to detect messages where JailbreakDetected is true. Alert records: - First and last time when the jailbreak signal was observed. - Copilot context or named Copilot agent involved in the interaction. - Initiator identity, initiator IP address, location, and IP type. - Copilot thread ID associated with the interaction. - Number of jailbreak hits, number of prompt hits, and related message IDs. This activity may indicate that an initiator attempted to manipulate Copilot behavior, bypass expected safeguards, or influence the AI system through direct prompt content. The alert should be reviewed by an analyst to determine whether the activity is benign, related to approved testing, or potentially malicious.",Medium,PT1H,PT1H,NO.,mscop002-r2d2-2705-2026-jail01mk1088,Custom,Approved,COPI,
MCOP-003 - Copilot Broad Enterprise Resource Access,"This rule evaluates Microsoft 365 Copilot activity from the CopilotActivity table to identify Copilot interactions where a single thread accessed a broad set of enterprise resources. The rule inspects CopilotInteraction records and evaluates resources listed in LLMEventData.AccessedResources. It focuses on enterprise grounding resources such as Office documents, Teams content, and knowledge search results, while excluding web search results, Outlook content, action records, Office search entry points, and generic hyperlink wrappers. Alert records: - First and last time when the broad enterprise resource access pattern was observed. - Copilot context or named Copilot agent involved in the interaction. - Initiator identity, initiator IP address, location, and IP type. - Copilot thread ID associated with the interaction. - Number of resource accesses, distinct enterprise resources, distinct resource locations, and distinct resource types. - Resource categories, resource locations, resource URLs, resource types, and resource actions involved in the interaction. This activity may indicate broad internal research, preparation of a report, legitimate business activity, or potentially suspicious use of Copilot to enumerate or collect information across enterprise resources. The alert does not confirm data exfiltration, malicious intent, or unauthorized access. It should be reviewed by an analyst in the context of the initiator role, recent sign-in activity, related Copilot security signals, and sensitivity of the accessed resources.",Low,PT1H,PT6H,NO.,mscop003-c3p0-1106-2026-broad01mk1088,Custom,Approved,COPI,
FTGT-001 - FortiGate User Group Modification,"The rule evaluates logs to monitor modifications on user groups in Fortinet FortiGate devices. It detects the creation, modification, and deletion of user groups, which could indicate administrative changes or unauthorized access attempts. Attackers or malicious insiders may modify user groups to escalate privileges, gain unauthorized access to network resources, or manipulate security policies. By tracking such activity, organizations can ensure proper access control and detect potential security incidents early. Alert Records: - Time: When the group modification occurred. - Initiator: The user or process responsible for the change. - Action: The type of action performed (group creation, modification, or deletion). - Group Name: The name of the affected user group. - Device: The FortiGate device where the change was made, including its version. - Source Process: The process that initiated the change. Monitoring group modifications is essential for maintaining security policies, preventing unauthorized access, and ensuring compliance with organizational access control policies.",Medium,PT15M,PT15M,NO.,ftgt001x-c3p0-1902-2025-532651mk1088,Custom,Approved,Fortinet,
FTGT-002 - FortiGate Administrator Account Management,"The rule evaluates Fortinet logs to detect administrative actions related to system users on Fortigate devices. It focuses on activities involving administrator accounts (system.admin, system.sso-admin, system.api-user) and critical configuration changes. Attackers or malicious insiders could exploit administrative privileges to add, delete, or modify administrator accounts, potentially altering security settings or gaining persistent access to the system. Monitoring these activities aligns with the MITRE ATT&CK technique T1098 - Account Manipulation and is crucial for maintaining the security and integrity of network devices. Alert Records: - Time: When the administrative action occurred. - Initiator: The username of the individual who performed the action. - Action: The type of administrative action executed (Add, Delete, Edit). - Target: The Fortigate configuration object or administrator account affected. - Device: The Fortigate device name, version, and product details. Regularly monitoring administrative actions on Fortigate devices is critical for detecting potential threats, preventing unauthorized access, and ensuring compliance with security policies.",High,PT10M,PT10M,NO.,ftgt002x-r2d2-2002-2025-532651mk1088,Custom,Approved,Fortinet,
FTGT-003 - Firewall Configuration Modifications on Fortinet Devices,"The rule evaluates audit events from the Fortigate_CL table to identify firewall configuration changes on Fortinet devices. It focuses on administrative activities involving the addition, editing, or deletion of firewall objects such as policies, services, and addresses. These modifications are tracked through system log messages (e.g., ""Add firewall."", ""Edit firewall."", ""Delete firewall."") and enriched with contextual data extracted from fields such as cfgpath, cfgobj, and cfgattr. These fields help identify the nature and scope of the configuration change. Attackers or unauthorized administrators may attempt to alter firewall configurations to weaken security controls, allow malicious traffic, or establish persistent access. Such changes can pose serious risks to network integrity and must be carefully monitored. To reduce false positives, this rule excludes changes performed by the FortiManager service account (Fortimanager_Access), which typically synchronizes configurations across managed devices Alert Records: - Time: When the firewall configuration change was detected. - Device: Fortinet appliance name or external ID. - Initiator: The user or account that performed the change. - Action: The type of change (added, edited, deleted). - Configuration Path: The section of the configuration that was modified (e.g., Firewall Policy, Firewall Address). - Object: Specific firewall object affected (e.g., policy name or address group). - Attributes: Key settings or values that were changed Monitoring firewall configurations changes is essential for detecting unauthorized access, preventing misconfigurations, and ensuring compliance with security policies.",Medium,PT30M,PT30M,NO.,f0rtida0-ead5-2022-9b34-494496mk1088,Custom,Approved,Fortinet,
FTGT-004 - FortiOS version change on Fortinet Devices,"The rule evaluates audit events from the Fortigate_CL table to detect firmware version changes on Fortinet devices, specifically through the restore-image system action. It identifies and classifies version changes as either an upgrade or downgrade. Firmware downgrades can be a sign of an attempt to exploit older vulnerabilities or bypass newly introduced security mechanisms. Such actions may be initiated by unauthorized administrators or attackers with access to device management. While upgrades are typically legitimate and informational in nature, downgrades pose a potential risk and should be carefully investigated. Alert records: - Time: When the firmware change was initiated. - Device: The name or external ID of the affected Fortinet device. - Operation: Classification of the event as an ""Upgrade"" or ""Downgrade"". - Version Info: Original and new firmware versions involved in the change. - Initiator: The identity associated with the request, if available. - Device Action: The system-level action such as restore-image. Monitoring firmware version changes is critical to ensuring device integrity, preventing rollback attacks, and maintaining a secure network posture. This rule helps surface unexpected or potentially risky firmware activities.",Low / High,PT30M,PT30M,NO.,ftgt004x-r2d2-0104-2025-os2651mk1088,Custom,Approved,Fortinet,
FTGT-005 - Configuration Download on Fortinet Devices,"The rule evaluates audit events from the Fortigate_CL table to identify download activities involving system configuration files on Fortinet devices. Downloads of device configurations are a sensitive operation. While such actions are often part of routine administrative maintenance (e.g., backups or audits), they may also signal unauthorized access attempts or pre-attack reconnaissance. In certain attack scenarios, adversaries exploit vulnerabilities to gain access to device configurations, which may include credentials, network settings, and sensitive security controls. This rule excludes known automated scripts from triggering the alert and focuses on identifying manual or unexpected configuration download attempts. Alert Records: - Time: When the configuration download occurred. - Device: Name and external ID of the Fortinet device involved. - User: Account used to perform the download action. - Log ID: Identifier of the security log entry. - Action and Message: The action performed and related log message content. Monitoring this type of event is essential for identifying both legitimate administrative behavior and potentially unauthorized activities involving access to system configurations. These events can have serious security implications and should be reviewed in context.",Low,PT1H,PT1H,NO.,ftgt005x-r2d2-1504-2025-os7261mk1088,Custom,Approved,Fortinet,
FTGT-006 - Brute-force and Account Enumeration on Fortinet,"The rule evaluates Fortinet firewall logs from the Fortigate_CL table to detect two types of suspicious administrative login behavior targeting Fortinet devices. It identifies: - Brute-force attempts against Fortinet’s administrative interface, based on multiple failed login attempts (with invalid passwords) from the same IP address in a short time frame. - Enumeration attempts where attackers use invalid usernames to identify valid admin accounts. If no successful login follows the brute-force attempts, the activity is considered unsuccessful. However, if a successful login is observed shortly after a series of failures, it is flagged as a potentially successful brute-force attack — a critical indicator of compromise. Alert records: - FirstFailure / LastFailure: Timestamps of the first and last failed login attempt. - FirstSuccess: Timestamp of the successful login (if any). - Device: Name, IP, version, and external ID of the Fortinet device targeted. - User: Targeted username(s) and authentication method. - Source IP: Origin of the login attempts. - Activity Details: Type of login event, result reason, and device action. Monitoring this activity helps identify and block attacker behavior early in the intrusion chain. It aligns with the MITRE ATT&CK framework and supports timely incident response.",Low / High,PT1H,PT1H,NO.,ftgt006x-r2d2-2404-2025-adm261mk1088,Custom,Approved,Fortinet,
FTGT-007 - Missing Fortinet Audit Logs from Network Device,"The rule evaluates audit events from the Fortigate_CL table to identify Fortinet devices that have stopped sending log events to Microsoft Sentinel. It analyzes log delivery continuity across all monitored Fortinet systems and flags those that have not sent any logs in the last 90 minutes (configurable threshold) despite activity in the preceding 12-hour observation window. Such gaps in audit logging may indicate potential issues like network misconfiguration, logging service failure, intentional log suppression, or device compromise. Maintaining consistent log flow is critical to ensuring visibility into network security events and supporting incident investigation and compliance efforts. Alert Records: - Device: Name, vendor, product type, and external ID of the Fortinet device. - Time: Timestamp of the last received log from the device. - Time Since Last Log: Human-readable time duration since the last log. - Log Count: Total logs received in the previous 12 hours. - System: Hostname or IP address from which the log was last received. Monitoring for interruptions in Fortinet audit log ingestion helps quickly detect and respond to blind spots in log coverage, ensuring the reliability of detection mechanisms and forensic capabilities.",Low,PT4H,PT12H,at least: stream log 0100040704 (40704) and configure config system global set sys-perf-log-interval 30 end.,ftgt007x-hk47-1001-2022-log271mk1088,Custom,Approved,Fortinet,
Fortinet Break Glass Account successful logon,The rule detects a successful logon of Break Glass account in to the FortiNet appliance. Is necessarily make a control if the incident is generated.,High,PT5M,PT5M,Watchlist (BreakGlassAccounts).,f0rti116-4350-2022-8651-5de31emk1088,Custom,,Fortinet,
User ignores MFA messages from FortiAuth,User explicitly ignores SMS codes from Forti MFA. This behavior may indicate that login was not expected and the account's credentials may be compromised.,Medium,PT1H,PT1H,NO.,f0rti298-b068-3110-2022-8d6ddfmk1088,Custom,,Fortinet,
FortiAuthenticator Multiple users deleted,Multiple user has been deleted in short time period. Occurring this event can mean an error in the synchronization or compromise of the environment. The incident is created if 20 (threshold) or more users is deleted.,Low,PT30M,PT30M,Threshold.,f0rti7ed-cbf3-2022-a245-a6c77fmk1088,Custom,,Fortinet,
FortiAuthenticator service may be unavailable,This rule is designed to automatically monitor the potential unavailability of the FortiAuthenticator service. It tracks key parameters of this service and subsequently alerts if any outage or unusual error messages occur. This allows you to respond quickly to potential authentication issues and ensure uninterrupted system availability.,Low,PT1H,PT1H,NO.,f0rti7ce-4c79-2022-9b2f-891d5cmk1088,Custom,,Fortinet,
FortiGate IPS event detected from internal IP address,"The rule monitors IPS events. If the event is detected from internal IP address of organization than incident is generated. Investigate the incident thoroughly. If the action was blocked than investigate the network traffic and source of attack. The incident may present a vulnerability on the source, malware, or other compromises.",Medium,PT1H,PT1H,NO.,f0rti198-a355-2022-8e8b-d1ac12mk1088,Custom,,Fortinet,
High Number of Failed Admin Logins to Fortinet,"The rule detects High Number of Failed Admin Logins to Fortinet. If the threshold (5) of Failed login attempts is reached, incident is generated and the used account, IP address and protocol are recorded.",High,PT30M,PT30M,Threshold.,f0rti54t-hk47-2102-2023-abe287mk1088,Custom,,Fortinet,
FortiGate rule was created or edited where the attribute contains ALL or ANY,The rule monitors ADD and EDIT rule operations on the Fortigate FW appliance where the attribute contains ALL or ANY. The attributes with value ALL or ANY should be used very rarely as they may constitute a breach of network security perimeter. Verify that this change was an authorized by Owner of service.,High,PT1H,PT1H,NO.,f0rti0be-6b4c-2022-a5c4-15de65mk1088,Custom,,Fortinet,
FortiGate Virus Detected and Blocked,"The rule evaluating detected and blocked threats on FortiGate firewall appliance. The potential risk is in the possibility of infected file which could be downloaded or runed. In case of an incident, there should always be a user learning experience. Accessing malicious websites that firewall cannot detect and may therefore comprise the environment.",Low,PT1H,PT1H,NO.,f0rti94a-b689-2022-972f-0a5ee0mk1088,Custom,,Fortinet,
Multiple accounts authentication to Forti VPN failed,Identifies multiple accounts who failed to authenticate to Fortinet VPN in short time period. Failed attempts on multiple accounts can be an indication of a password spray attempt.,Medium,PT30M,PT32M,Threshold.,forti339-r2d2-2022-8863-e1f0f2mk1088,Custom,,Fortinet,
Multiple logons of account to Forti VPN failed,Identifies accounts who have failed to authenticate multiple times in a row to Fortient VPN. Multiple failed attempts can be an indication of a brute force attempt.,Medium,PT1H,PT1H,Threshold.,forti16f-c3p0-2022-83b9-3221a1mk1088,Custom,,Fortinet,
User Account added to Fortinet_admins group,"If the user account is added as member of Fortinet_admins group in Active Directory, the incident is created. The members of Fortinet_admins group gain full administrator permission to ALL Fortinet devices. If the incident is generated, then group membership should be reviewed immediately.",High,PT5M,PT5M,Watchlist CanonicalName.,f0rtida0-c3p0-2022-9b34-773516mk1088,Custom,,Fortinet,
GOWO-001 - Google Workspace Role Assignment,"The rule evaluates audit events from the GoogleWorkspace table to detect role assignments within the Google Workspace (formerly G Suite) environment. It specifically focuses on events generated by the admin application related to delegated_admin_settings, and tracks role assignment operations. The rule identifies when roles—especially critical ones such as super_admin, user_management_admin, security_admin, or cloud_identity_admin—are assigned to user identities. These roles carry elevated privileges that can be misused for administrative access, user management, or security policy changes. Monitoring such assignments is vital as attackers, insiders, or misconfigured automations may exploit elevated privileges to compromise organizational controls or establish long-term persistence. By detecting these changes, this rule helps enforce least-privilege principles and organizational oversight. Alert Records: - Time: Timestamp of the role assignment event. - Initiator: The email address and profile ID of the user initiating the change. - Target: The user email to whom the role was assigned. - Role Details: Assigned role name, severity level (Critical/Non-Critical), and associated IDs. - Location: IP address and geolocation (country and city) from which the assignment was performed. Tracking privileged role assignments supports visibility into identity governance and enhances organizational resilience against privilege escalation attacks or misconfigurations.",High,PT30M,PT30M,NO.,g00gl3wk-c3p0-2605-2025-gwo001mk1088,Custom,Approved,GW,
GOWO-002 - Google Workspace Role Definition Change Activity,"The rule evaluates audit events from the GoogleWorkspace table to detect changes to custom role definitions within the Google Workspace (formerly G Suite) environment. It monitors events from the admin application associated with the delegated_admin_settings event type and specifically focuses on role management operations such as creation, deletion, renaming, or privilege adjustments. Such changes often reflect administrative configuration actions but can also indicate potential misuse or abuse of role privileges. Attackers or unauthorized users may create or modify roles to escalate privileges, grant excessive permissions, or bypass organizational policies. Alert Records: - Time: When the role definition change occurred. - Initiator: Email address and profile ID of the user who initiated the change. - Operation: Type of action performed (Created, Edited, Deleted). - Role Details: Name and ID of the role affected. - Privileges: Privileges added or removed as part of the action. - Location: Source IP address and geolocation (country and city) of the activity. Monitoring these role management actions is essential to detect potential abuse of administrative rights and maintain secure configurations across the identity environment.",Medium,PT30M,PT30M,NO.,g00gl3wk-r2d2-2605-2025-gwo002mk1088,Custom,Approved,GW,
GOWO-003 - Organizational MFA Setting Changed in Google Workspace,"The rule evaluates audit events from the GoogleWorkspace table to detect changes to the ""enforce_strong_authentication"" setting within the Google Workspace Admin application. The rule specifically identifies when Multi-Factor Authentication (MFA) is either enabled or disabled at the organizational level. Modifications to MFA enforcement significantly impact the security posture of the organization. Disabling MFA can expose user accounts to credential-based attacks, while enabling it helps prevent unauthorized access and supports compliance with security best practices. These types of changes should be tightly monitored to detect misconfigurations, insider threats, or adversarial actions aimed at weakening authentication policies. Alert Records: - Time: When the change occurred. - Enforce MFA: Indicates whether MFA was enabled or disabled. - Initiator Information: The email address and Profile Id of the user who performed the change. - Initiator IP: Source IP address of the initiator. - Properties: Structured object showing old and new configuration values. - OrgUnitName: The organizational unit affected by the change. Monitoring organizational-level MFA enforcement is critical to ensure that authentication controls remain active, reducing the risk of unauthorized access and supporting compliance frameworks.",Low / High,PT30M,PT30M,NO.,g00gl3wk-hk47-0606-2025-gwo003mk1088,Custom,Approved,GW,
GOWO-004 - Multiple Admin Role Removals in Google Workspace,"The rule evaluates audit events from the GoogleWorkspace table to detect the removal of administrative roles from multiple accounts within the Google Workspace Admin environment. It is designed to identify potentially unauthorized or high-impact actions where multiple users are unassigned from roles in a short timeframe. This rule captures all unassignments performed by the same initiator and highlights whether users were removed from single or multiple roles. While such actions may be part of legitimate access cleanup procedures, they could also indicate misuse of privileges, insider threats, or compromised administrator accounts attempting to weaken organizational defenses. The alert includes key contextual information such as the initiator's identity, IP address, number of affected accounts, role names, and time span during which the action occurred. Alert Records: - Start / End Time: Time range of the removal activity. - AdminsRemoved: Total number of users removed from roles. - Role Details: Map of roles and affected users. - Initiator: Email and profile ID of the user who performed the operation. - Source IP / Location: Origin IP address and resolved geolocation. - Operation Duration: Total time span of the removal operation. Monitoring for bulk role removal is essential to identify coordinated privilege changes and prevent situations where administrative visibility or control is lost.",Medium,PT1H,PT1H,NO.,g00gl3wk-ig66-0606-2025-gwo004mk1088,Custom,Approved,GW,
Sensitive Azure Key Vault operations,"Identifies when sensitive Azure Key Vault operations are used. This includes: VaultDelete, KeyDelete, SecretDelete, SecretPurge, KeyPurge, SecretBackup, KeyBackup. Any Backup operations should match with expected scheduled backup activity.",Low,PT12H,PT12H,NO.,971c2ac8-30bc-4897-85ef-38a889aa688a,Out of Box,,AzKeyVault,
Azure Key Vault access TimeSeries anomaly,"Indentifies a sudden increase in count of Azure Key Vault secret or vault access operations by CallerIPAddress. The query leverages a built-in KQL anomaly detection algorithm to find large deviations from baseline Azure Key Vault access patterns. Any sudden increase in the count of Azure Key Vault accesses can be an indication of adversary dumping credentials via automated methods. If you are seeing any noise, try filtering known source(IP/Account) and user-agent combinations. TimeSeries Reference Blog: https://techcommunity.microsoft.com/t5/azure-sentinel/looking-for-unknown-anomalies-what-is-normal-time-series/ba-p/555052",Low,P1D,P14D,Exclude your AppIDs.,52d3cb04-cabe-4a3c-94ce-7462289c3bc7,Out of Box,,AzKeyVault,
Mass secret retrieval from Azure Key Vault,Identifies mass secret retrieval from Azure Key Vault observed by a single user. Mass secret retrival crossing a certain threshold is an indication of credential dump operations or mis-configured applications. You can tweak the EventCountThreshold based on average count seen in your environment and also filter any known sources (IP/Account) and useragent combinations based on historical analysis to further reduce noise,Low,P1D,P1D,Exclude your AppIDs.,bd352e02-a985-4380-9407-69799e2563fc,Out of Box,,AzKeyVault,
AD Access denied on multiple folders in short time period,Creates an incident a user has an excessive amounts of denied access to shared folders in Active Directory. Verifying the legitimacy of the operations is highly recommended.,Low,PT5M,PT5M,Threshold Path.,lepi4e8b-2834-2022-b2af-100497mk1088,Custom,,Lepide,
AD account with Don't Expire Password,"Identifies whenever a user account has the setting ""Password Never Expires"" in the user account properties selected.",Low,P1D,P1D,NO.,lepi98ca-a9d4-2022-bd07-a1cb65mk1088,Custom,,Lepide,
AD Emergency Account Successful Logon,The rule detects a successful login by using a emergency (breakglass) account in Active Directory. Is necessary make a control if the incident is generated.,High,PT5M,PT5M,UPN of acc.,lepi2d3e-r2d2-2022-9236-444620mk1088,Custom,,Lepide,
AD folder security settings changed,The rule monitors changes in the security settings of a folder in Windows Server Active Directory. You should verify the legitimacy of this operation and do a folder permissions check.,Low,PT2H,PT2H,Path Watchlist.,lepif74b-c3p0-2022-9dde-192b11mk1088,Custom,,Lepide,
Bulk files deleted from shared folder in AD,The rule monitors the bulk deletion of files from shared folders. You should verify the legitimacy of this operation.,Low,PT5M,PT5M,Threshold Path.,lepi02b0-c3p0-2022-80e8-beca40mk1088,Custom,,Lepide,
Bulk object deleted from Active Directory,The rule monitors the bulk deletion of Users and Computer objects and Organizational Unit in the Active Directory.,Low,PT15M,PT15M,NO.,lepid941-r2d2-2022-8a54-419f60mk1088,Custom,,Lepide,
Member added to T0 privileged group,"If the member is added in to any Tier 0 Privileged Group, the incident is created. Groups in Tier 0 are the most privileged groups in the domain as Domain Admins, Enterprise Admins, Schema Admins etc. If the incident is generated, then group membership should be reviewed immediately.",High,PT5M,PT5M,Watchlist CanonicalName.,lepi11b5-r5d4-2022-a0e8-c55500mk1088,Custom,,Lepide,
Member added to T1 privileged group,"If the member is added in to any Tier 1 Privileged Group, the incident is created. Groups in Tier 1 are the privileged groups in the domain on as SCCM Admins, SCOM Admins, Lepide Admins, SQL Admins etc. If the incident is generated, then group membership should be reviewed immediately.",High,PT5M,PT5M,Watchlist CanonicalName.,lepi492e-r2d2-2022-a20e-a57f42mk1088,Custom,,Lepide,
Member added to T2 privileged group,"If the member is added in to any Tier 2 Privileged Group, the incident is created. Groups in Tier 2 are privileged groups in the domain as T2-Admin, T2-Coordinators etc. These groups can manage Active Directory on users & computers level. If the incident is generated, then group membership should be reviewed immediately.",High,PT5M,PT5M,Watchlist CanonicalName.,lepi7b0a-c3p0-2022-928d-328f30mk1088,Custom,,Lepide,
New user account is created in wrong OU in AD,The rule detects if new user account is created in wrong OU. Monitor creation and modification performed on Active Directory objects to detect ongoing attacks on Active Directory.,Medium,PT1H,PT1H,Specify correct Path.,lepi55f9-c3p0-2022-82ea-bb9a70mk1088,Custom,,Lepide,
Primary group of Object in Active Directory has changed,"The rule check for changes of value in the primarygroupid attribute. Modification of primary group can be used to store hidden membership as this attribute is not often analyzed. In Active Directory, group membership is stored on the ""members"" attribute and on the ""primarygroupid"" attribute. The default primary group value is: 513 - Domain Users, 515 - Domain Computers, 516 – Domain Controllers, 521 – Domain Controllers (Read-Only). The primarygroupid contains the RID (last digits of a SID) of the group targeted. It can be used to store hidden membership as this attribute is not often analyzed.",Medium,PT30M,PT30M,NO.,lepi702b-r2d2-2022-a927-767728mk1088,Custom,,Lepide,
Suspicious activity detected on GPO,"The rule monitors activity on Group Policy Objects. New Incident is created if the new GPO created or if the actual GPO is updated, linked, unlinked or deleted.",Medium,PT1H,PT1H,NO.,lepi0502-r2d2-2022-969b-812356mk1088,Custom,,Lepide,
Suspicious events of accounts in Active Directory,The rule looks for a larger number of suspicious events associated with a user account in Active Directory.,Low,PT1H,PT1H,NO.,lepi0804-c3p0-2022-8ced-ed7e3fmk1088,Custom,,Lepide,
The Privileged Account has been added to VPN group,"If the privileged account is added as member of AllDialupUsersMFA or AllDialupUsers group, the incident is created. VPN groups allow access to internal network and a privileged account can compromise the domain. If the incident is generated, then group membership should be reviewed immediately. Privileged account should be removed from the group and replaced by a non-privileged account.",Low,PT1H,PT1H,Watchlist CanonicalName.,lepi5d8f-c3p0-2022-8fe0-851288mk1088,Custom,,Lepide,
Use Kerberos encryption with DES algorithm,"The rule check for uses of DES encryption algorithm. DES is a very weak algorithm and once assigned to an account, it can be used in Kerberos ticket requests, even though it is easily cracked. If the attacker cracks the Kerberos ticket, they can steal the token and compromise the user account. It is recommended to disable DES as an encryption algorithm in the user configuration dialog or in the ""msDSSupportedEncryptionTypes"" attribute at LDAP level. It has to be disabled in the property of an account by unchecking the box ""Use Kerberos DES encryption for this account"". References: https://docs.microsoft.com/en-us/services-hub/health/remediation-steps-ad/remove-the-highly-insecure-des-encryption-from-user-accounts https://docs.microsoft.com/en-us/archive/blogs/openspecification/msds-supportedencryptiontypes-episode-1-computer-accounts",Low,P1D,P1D,NO.,lepi6654-c3p0-2022-a281-b42b67mk1088,Custom,,Lepide,
User Account added to ISA_04LIM internet access group,"If the user account is added as member of ISA_04LIM internet access group, the incident is created. The ISA_04LIM group allow access to internet where the only limitation is FW. If the incident is generated, then group membership should be reviewed immediately.",Informational,PT1H,PT1H,Watchlist CanonicalName.,lepi7771-c3p0-2022-a076-d5d5d8mk1088,Custom,,Lepide,
User account created and deleted within 10 mins,Identifies when a user account is created and then deleted within 10 minutes. This can be an indication of compromise and an adversary attempting to hide in the noise.,Medium,P1D,PT25H,NO.,lepi7f6f-c3p0-2022-8d75-8ebe31mk1088,Custom,,Lepide,
User account enabled and disabled within 10 mins,Identifies when a user account is enabled and then disabled within 10 minutes. This can be an indication of compromise and an adversary attempting to hide in the noise.,Medium,P1D,PT25H,NO.,lepi99a3-c3p0-2022-9549-144cd0mk1088,Custom,,Lepide,
Detect CoreBackUp Deletion Activity from related Security Alerts,"The query identifies any efforts by an attacker to delete backup containers, while also searching for any security alerts that may be linked to the same activity, in order to uncover additional information about the attacker's actions.' Though such an activity could be legitimate as part of business operation, some ransomware actors may perform such operation to cause interruption to regular business services.",Medium,PT12H,PT12H,NO.,4d849e68-6c7b-44ef-a900-30bb21c7c708,Out of Box,,MDC,
Detecting Impossible travel with mailbox permission tampering & Privilege Escalation attempt,This hunting query will alert on any Impossible travel activity in correlation with mailbox permission tampering followed by account being added to a PIM managed privileged group. Ensure this impossible travel incident with increase of privileges is legitimate in your environment.,Medium,P1D,P1D,OfficeActivity table.,asc1bcda-r2d2-2022-b09b-44e697mk1088,Custom,,MDC,
MDXR-001 - Bulk Outgoing Phishing Activity,"This rule aims to identify instances of bulk outgoing phishing activity. It evaluates suspicious patterns based on sender information, email attributes such as unique Network Message ID and subject, considering the following criteria: - The number of recipients exceeds 100 or constitutes 50% of the organization's mailbox count. - The time gap between the first and last email is no more than 5 minutes. - The sending occurred from an unusual location (less than 5 mails sent in last 14 days). - Sending was not performed from an IP address listed on the watchlist 'Known_IPs_and_Subnets'. When these criteria are met, an alert is triggered, capturing details such as sender information, recipient list, email subject and Network Message ID, as well as the IP address and location of the sender. The primary goal of this rule is to provide actionable insights into potential phishing attempts. By detecting such activity promptly, organizations can conduct timely investigations and implement necessary mitigation measures to safeguard their systems and data.",Low,PT1H,P14D,"req MDO. tables (SigninLogs, IdentityInfo) watchlist (Known_IPs_and_Subnets).",mdo105fd-c3p0-1110-2023-5e3d50mk1088,Custom,Approved,MDXDR,
MDXR-002 - Phishing Verified URL Accessed,"The rule evaluates logs from Microsoft Defender XDR and correlates access to URLs with external data from PhishTank to identify potentially malicious activity. When a user accesses a URL that PhishTank has classified as phishing, the rule triggers an alert. If an alert is generated, the following details are recorded: - Account UPN - IP Address - Workload - URL Monitoring and analyzing these alerts are crucial for cybersecurity as they help to identify and mitigate phishing attempts promptly. By tracking such activity, we can prevent credential theft, data breaches, and other potential security incidents that arise from phishing attacks. This proactive approach ensures the protection of sensitive information and maintains the integrity of our network.",Medium,PT30M,PT30M,req MDO and MDE.,mdxdr2c5-c3p0-1006-2024-2727d0mk1088,Custom,Approved,MDXDR,
MDXR-003 - Post-Delivery Email Quarantine Link Click,"The rule detects post-delivery email events from Exchange Online (ExO) where an email message is moved to quarantine after being delivered to the inbox folder, and the URL link in the email message was opened by the recipient. The rule correlates events from Microsoft Defender for Office 365 (MDO) and Microsoft Defender for Endpoint (MDE). The detection of such events could signify various malicious activities, including phishing attempts, malware distribution, or the presence of misconfigured email filters. These occurrences pose significant security threats to an organization's infrastructure and sensitive data. Left undetected, they could lead to severe consequences such as data breaches, theft of credentials, or the propagation of further malicious activities. If an alert is generated, the following details are recorded: - Post Delivery Time, Delivery Time, Time In Inbox, UrlClickTime - Reclassified Threat - Email Subject and Network Message ID - Recipient, Job Title, Department, Manager - Sender, Sender Domain, Sender IP Address - URL and Attachment Count This comprehensive record ensures that security personnel have access to all pertinent information required to investigate and mitigate potential threats effectively.",Medium,PT1H,P14D,req MDO and MDE.,mdo001fb-c3p0-0203-2023-e2bb20mk1088,Custom,Approved,MDXDR,
MDXR-004 - Possible Data Exfiltration to External Disk,"The rule detects user-initiated data copying to external devices. It searches for instances where a user creates more than the specified number of files (Threshold) on an external device during a given period. In this manner, it assists in identifying potentially questionable actions associated with transferring data to external drives, which could indicate a potential data exfiltration.",Medium,PT1H,P1D,req MDE. Optionally Threshold.,mde6955b-ig11-0708-2023-0b6876mk1088,Custom,Approved,MDXDR,
MDXR-005 - Potential Build Process Compromise,The query looks for source code files being modified immediately after a build process is started. The purpose of this is to look for malicious code injection during the build process. This query uses Microsoft Defender for Endpoint telemetry. More details: https://techcommunity.microsoft.com/t5/azure-sentinel/monitoring-the-software-supply-chain-with-azure-sentinel/ba-p/2176463,Medium,P1D,P1D,req MDE.,m365dc59-4lom-2022-9865-89918amk1088,Out of Box,Approved,MDXDR,
MDXR-006 - Scheduled Task Modification Monitoring,"The rule evaluates audit logs from Windows operating systems collected from Security events or Microsoft Defender for Endpoint (MDE) and detects the creation and modification of scheduled task events. Scheduled tasks are frequently leveraged by malware to establish persistence on a system or execute unauthorized scripts and executables. This rule specifically monitors tasks that involve executable file types or scripting extensions (.cmd, .ps1, .bat, etc.) and flags actions that may indicate suspicious activity, especially when tasks are created with sensitive actions, contain a password, or are located in non-standard paths. To minimize false positives, known safe paths and actions are excluded from detection. Key detection steps: - Collect scheduled task creation and update events from Device Events and Security Event logs. - Identify potentially risky file types and executables within task actions, while filtering out specified known safe actions and paths. Alert records: - Time of event - Task name and action details (e.g., involved scripts or executables) - Device information (e.g., device name, IP address, OS type) - Initiator account details (e.g., account name, domain) This rule enables security teams to efficiently detect and investigate scheduled task modifications that may indicate attempts at persistence or the execution of unauthorized actions, enhancing defenses against potential malware persistence or automated malicious activity.",Medium,PT1H,P7D,req MDE or SecurityEvents.,mdef8f46-c3p0-1411-2024-sec0damk1088,Custom,Approved,MDXDR,
MDXR-007 - Windows Defender Antivirus Disabling Activity Monitoring,"This rule detects modifications to critical Microsoft Defender Antivirus registry keys, which indicate that essential features such as Antivirus or Real-Time Protection have been disabled. These changes can significantly weaken endpoint security and should be monitored closely. The rule leverages MDE DeviceRegistryEvents and Windows Security Events to monitor registry modifications to specific DefenderAntivirus-related keys and values (DisableRealtimeMonitoring, DisableAntiVirus, and DisableAntiSpyware), focusing on cases where their value is set to 1. Alert records: - Registry Keys: List of modified registry keys and their associated values. - Initiator: Account and process responsible for the change. - Activity Log: Timeline of registry modification events. - Device Information: Device name, OS platform, type, and IP address. This rule ensures visibility into all scenarios where Microsoft Defender Antivirus features are disabled. By monitoring registry changes, unauthorized tampering can be promptly investigated, helping to identify malware or threat actors attempting to compromise endpoint security. Additional configuration requirements: In addition to enabling the advanced audit ""Audit Registry"" with ""Success and Failure"" under Audit Policies, it is necessary to add Audit permissions under the following registry path: HKEY_LOCAL_MACHINE\SOFTWARE\Policies\Microsoft\Windows Defender\.",Medium,PT30M,PT47H,req MDE or SecurityEvents + Auditing of registry for SecEvents.,mde4119e-r2d2-1511-2024-av220cmk1088,Custom,Approved,MDXDR,
MDXR-008 - PowerShell Command Line - Download and Execute Content,"This rule evaluates DeviceProcessEvents from Microsoft Defender for Endpoint (MDE) and Windows Security Event logs (Event ID 4688) to detect PowerShell commands containing specific keywords that are commonly used to download and execute content from the internet. Downloading and executing potentially malicious content using PowerShell is a critical security concern. This behavior is commonly associated with adversary tactics like file download and execution, which could lead to malware infections or further exploitation of the system. Monitoring this activity aligns with the MITRE ATT&CK techniques T1059.001 - PowerShell. Alert Records: - Time: When the PowerShell command was executed. - Device: The endpoint's name, type (server or workstation), OS, and IP address. - Initiator: The user or process that executed the command, including domain, username, and security identifier (SID). - Command: The PowerShell command executed, along with the detected malicious keywords such as Invoke-WebRequest, IEX, Start-BitsTransfer, etc. By proactively detecting suspicious PowerShell activity, this rule helps organizations mitigate risks associated with the execution of malicious content and improve overall security posture.",Medium,PT10M,PT47H,DeviceProcessEvents and Security Events ().,mdea6f9c-r2d2-2511-2024-win168mk1088,Custom,Approved,MDXDR,
MDXR-009 - ClickFix Social Engineering Attack Activity on Windows Endpoints,"This rule evaluates DeviceProcessEvents from Windows endpoints to identify activities associated with ClickFix social engineering attacks. These attacks often leverage obfuscated or hidden PowerShell execution and connections to remote infrastructure for payload delivery. Threat actors are increasingly using ClickFix techniques to deploy malware, including AsyncRAT, Danabot, DarkGate, Lumma Stealer, and NetSupport, targeting widely used software such as Microsoft Word and Google Chrome. This rule is designed to detect behavioral indicators of compromise associated with ClickFix campaigns, particularly interactive PowerShell execution initiated via explorer.exe. The rule monitors for: * Interactive PowerShell execution initiated by explorer.exe. * Suspicious PowerShell arguments (e.g., hidden window, execution policy bypass, encoded commands). * Obfuscation patterns in PowerShell command lines. * PowerShell activity involving remote URLs or known hosting platforms commonly abused for payload delivery. * Command lines indicative of remote content download. Alert Records: * Time: Timestamp of the detected activity. * Device: Name, type (server or workstation), OS, and IP address of the affected endpoint. * Initiator: The user or process responsible for the activity, including their domain, username, and security identifier (SID). * Description: Behavioral classification of the detected PowerShell activity. * Score: Number of suspicious indicators identified in the command line. Monitoring these activities aligns with security best practices to detect and mitigate risks associated with malware delivery, social engineering abuse, and potential lateral movement.",Medium,PT30M,PT47H,No.,mdx35a07-c3p0-1012-2024-edb620mk1088,Custom,Approved,MDXDR,
MDXR-010 - Sysinternals Tools Executed with DLL Load from Network,"The rule evaluates DeviceEvents from Microsoft Defender for Endpoint (MDE) to identify instances where Sysinternals tools are executed from network locations and subsequently load DLL files. Such behavior may indicate an attempt to exploit known vulnerabilities within these tools. Attackers can leverage Sysinternals tools executed from network shares to perform unauthorized actions, including privilege escalation or system compromise. By placing malicious DLLs in the same network directory as the Sysinternals executable, attackers can achieve code execution when the tool is run. Alert Records: - Time: When the Sysinternals tool execution occurred. - Device: The endpoint's name, type (server or workstation), OS, and IP address. - Initiator: The user or process responsible for executing the tool, including their account name and security identifier (SID). - File Details: The name and path of the executed Sysinternals tool and the loaded DLL. Monitoring the execution of Sysinternals tools from network locations is essential for detecting potential exploitation attempts, ensuring system integrity, and maintaining secure configurations across the organization’s systems. Ref: https://www.foto-video-it.de/2025/allgemein/disclosure-sysinternals/",Medium,PT30M,PT23H,No.,mde239f7-r2d2-0602-2025-599b50mk1088,Custom,Approved,MDXDR,
MDXR-011 - Suspicious FileFix Pattern via Browser on Windows Endpoints,"The rule evaluates audit events from the DeviceProcessEvents table to detect suspicious command-line activity triggered by internet browsers on Windows endpoints. It focuses on identifying execution patterns consistent with the FileFix technique, a social engineering method where malicious files are designed to launch trusted Windows utilities via browser interaction. The detection targets cases where browsers such as Chrome, Edge, or Firefox initiate execution of potentially dangerous system tools like PowerShell, regsvr32, certutil, or bitsadmin. These tools can be abused to download and execute malicious content, establish persistence, or conduct reconnaissance without requiring explicit user interaction. Alert Records: - Time: When the suspicious process was launched. - Device: Endpoint name, type (server or workstation), OS, and IP address. - Initiator: User or process that launched the browser, including domain, username, and SID. - Process Info: Name of the browser and the system utility that was executed. By correlating the browser as the parent process of suspicious command-line tools, this rule provides visibility into a stealthy and increasingly common execution method exploited by attackers. Reference: https://mrd0x.com/filefix-clickfix-alternative",Medium,PT10M,PT47H,No.,mdx35a11-c3p0-2506-2025-edb620mk1088,Custom,Approved,MDXDR,
MDXR-012 - Device Code Authentication Phishing Detection,"The rule detects key phases of a phishing attack leveraging the Device Code Authentication flow, a method intended for input constrained devices such as smart TVs, printers, or IoT endpoints. Although legitimate, this flow is increasingly abused by attackers to bypass traditional MFA and steal tokens for persistent access. Device Code Phishing campaigns typically follow this pattern: - An email containing a Microsoft device authentication URL is sent to the target (https://microsoft.com/devicelogin or https://login.microsoftonline.com/.../deviceauth) - The victim clicks the link and unknowingly authorizes the attacker's device - The attacker polls Azure AD using the device_code and receives access and refresh tokens after successful user sign-in This rule detects these three stages via distinct alert types: - Device Code Auth URL in Email – a phishing email containing the device auth URL was delivered - Device Code Auth URL Clicked from Email – the user clicked the malicious URL - Successful Sign-in via Device Code Authentication – sign-in completed via deviceCode protocol Each alert can be raised independently, but together they may indicate a high-confidence, multi-step compromise. If all three are observed in sequence, immediate investigation is strongly recommended. The attacker may retain access even if the user resets their password, due to possession of a valid refresh_token. This attack chain is difficult to detect through traditional means, as all user interactions occur via legitimate Microsoft infrastructure.",Medium / Low,PT1H,P14D,req MDE and MDO.,mdx35a12-c3p0-2907-2025-edb622mk1088,Custom,Approved,MDXDR,
MDXR-013 - Potential Phishing and Malware Delivery via SVG and ZIP Files,"This rule evaluates DeviceFileEvents from Microsoft Defender for Endpoint (MDE) and email telemetry from EmailEvents and EmailAttachmentInfo to detect a suspicious activity chain involving SVG and ZIP files on Windows endpoints. The rule identifies cases where a user saves an SVG file from Outlook and, within 15 minutes, a ZIP file is created by a web browser on the same device and under the same user identity. To improve context, the rule enriches the detection with details from the associated email message, including sender, recipient, subject, and message ID. Attackers may exploit malicious SVG attachments in phishing campaigns, using them to redirect users to credential-harvesting portals or to initiate downloads of password-protected ZIP files carrying malware. By correlating email and endpoint activity, this rule highlights phishing attempts that progress into malware delivery. Alert records: - Times: Creation timestamps of the SVG and ZIP files, including the time difference. - Files & Processes: Names, paths, initiating processes, and hashes of the SVG and ZIP files. - User & Device: UserPrincipalName, DeviceName, and DeviceId. - Email context: Sender address, recipient address, subject, and NetworkMessageId. Monitoring this activity is critical because it connects suspicious email attachments with subsequent endpoint behavior, helping to detect phishing campaigns that attempt to deliver malware.",Medium,PT1H,P7D,req MDE (DeviceFileEvents) and MDO.,mdx35a13-r2d2-0809-2025-ph1s01mk1088,Custom,Approved,MDXDR,
MDXR-014 - Possible Email Spoofing,"This rule evaluates audit events from the EmailEvents table in Microsoft Defender for Office 365 to identify possible spoofed emails. It focuses on inbound messages where the sender's display domain (SenderFromDomain) differs from the envelope domain (SenderMailFromDomain), and where composite authentication mechanisms (SPF, DKIM, DMARC) fail. To reduce false positives, the rule filters out internal email communications, trusted contacts, user-level overrides, and sender domains that have recently sent legitimate emails. It further excludes known bounce messages and empty reverse-path messages. The logic identifies potentially spoofed emails by combining mismatched domain headers with failed authentication, ensuring the sender’s identity cannot be validated. These conditions strongly indicate an attempt to bypass security mechanisms and impersonate a trusted identity. Alert records: -Time: When the suspicious email was received. - Sender: Original email address and spoofed domain used. - Recipient: Email address of the intended recipient. - Mail Server IP: Source IP of the mail server. - Authentication Details: Composite results for SPF, DKIM, DMARC. - Subject: Subject line of the email. - Attachments and URLs: Summary of any files or links in the email. Monitoring this activity is critical for detecting phishing and brand impersonation attempts and for protecting users from fraudulent or malicious messages.",Medium,PT1H,P14D,req MDO + UEBA.,mdx356a3-c3p0-0910-2025-sp00f1mk1088,Custom,Approved,MDXDR,
MDXR-015 - Shuyal Stealer Malware Activity,"This rule evaluates audit events from the DeviceFileEvents and DeviceNetworkEvents tables to identify suspicious activity patterns associated with the Shuyal Stealer malware on Windows endpoints. The rule correlates three distinct behaviors observed on the same host: - Persistence: Creation of an executable file (e.g., host.exe) in the Startup folder, which may allow the malware to execute automatically upon user logon. - Data Staging: Creation of ZIP archive files (e.g., runtime.zip) in the temporary directory, commonly used to package stolen data before exfiltration. - Exfiltration: Outbound communication to the Telegram API domain (api.telegram.org), a known method used by Shuyal Stealer to exfiltrate credentials, browser data, and tokens. When these three indicators are detected together on a single host, it strongly suggests an active compromise involving Shuyal Stealer or similar infostealer malware. Alert records: - Device: The name and hostname of the affected system. - Startup File: The name, path, and timestamp of the file created in the Startup folder, including the initiating process. - Compressed File: The name, path, and creation time of the ZIP file in the temporary folder, including the initiating process. - Network Activity: The Telegram URL or IP contacted, timestamp, and the initiating process that established the connection. Monitoring this combination of persistence, data staging, and suspicious exfiltration methods is critical for identifying modern malware infections early. The Shuyal Stealer malware uses stealthy techniques to remain undetected while stealing sensitive data and exfiltrating it via encrypted messaging infrastructure.",Medium,PT1H,PT1H,req MDE.,mdx356b4-r2d2-1010-2025-mal0f1mk1088,Custom,Approved,MDXDR,
MDXR-016 - Lateral Pass-the-Hash Activity on Workstations,"The rule evaluates audit events from the DeviceLogonEvents table to identify successful NTLM-based logons between two Windows workstations. It focuses on scenarios where lateral movement may occur across endpoints using Pass-the-Hash (PtH) techniques. The detection logic filters for successful NTLM logons in workstation-to-workstation contexts, excluding virtual desktop environments. This activity often indicates that an attacker is using stolen credential hashes to authenticate on another system without knowing the actual password, bypassing normal security controls. Alert records: Time: When the NTLM logon occurred. - Source: The originating workstation’s name and operating system. - Target: The destination workstation’s name and operating system. - Account: The username involved in the logon. - Logon Type: Describes the type of logon session established (e.g., network, interactive). Monitoring NTLM authentication across workstations helps identify lateral movement attempts, which are frequently part of post-compromise activity. This detection supports early discovery of credential abuse and limits the spread of unauthorized access within the organization.",Medium,PT1H,P14D,req MDE.,pth8f237-r2d2-2310-2025-t2wks0mk1088,Custom,Approved,MDXDR,
MDXR-017 - LDAP Reconnaissance Activity,"The rule evaluates DeviceEvents from Microsoft Defender for Endpoint (MDE) to identify signs of suspicious Active Directory data collection activity using LDAP queries. The rule focuses on LDAP searches that match patterns commonly used by known reconnaissance tools such as SharpHound, AdFind, PowerView, Metasploit, and others. Attackers may use these tools to enumerate users, computers, group memberships, or account attributes in preparation for lateral movement or privilege escalation. The detection relies on a watchlist of known LDAP search filters and excludes system processes or known benign applications to reduce false positives. Alert records: - Time: When the LDAP query was executed. - Device: The endpoint’s hostname and Device ID where the activity was observed. - Initiator: The process name, command line, folder path, and the user context (domain, username, UPN, SID). - LDAP Filter & Tool: The suspicious LDAP filter used and the associated reconnaissance tool inferred (e.g., SharpHound, ADRecon). Detecting unauthorized directory enumeration is crucial for early warning of compromise. Reconnaissance is typically an initial step in targeted attacks and must be addressed proactively to limit the adversary’s knowledge of the environment.",Medium,PT1H,PT1H,req MDE.,re0gn237-r2d2-0511-2025-t2at10mk1088,Custom,Approved,MDXDR,
MDXR-018 - Mustang Panda PlugX Delivery via HTML Smuggling,"This rule evaluates audit events from Microsoft Defender for Endpoint (MDE) across multiple data sources to detect a specific attack chain associated with the Mustang Panda threat actor using PlugX malware. The detection correlates multiple behaviors commonly linked with this technique: An MSI file written to disk by a browser process, indicating possible HTML smuggling. Execution of known sideloading executables (e.g., gup.exe, robotaskbaricon.exe) via msiexec.exe. Loading of malicious DLLs (libcurl.dll, RoboForm.dll) from the same directory as the sideloading executable. Creation of persistence via registry Run keys from the same process. Attackers like Mustang Panda leverage HTML smuggling to deliver MSI installers that execute sideloading binaries and load malicious DLLs. They often establish persistence by modifying registry keys. This complex behavior chain combines techniques for Initial Access, Execution, Persistence, and Defense Evasion. Alert Records: - Time: Timestamp of the DLL load (execution phase). - Device: Name and ID of the endpoint where the chain was observed. - Dropping Process: Browser used to drop the MSI file. - MSI File: The suspicious installer involved in the attack. - Sideloaded Executable and DLL: Files used in the side-loading technique. - Persistence Registry Key and Value: The registry key path and value written for persistence. Monitoring this behavior is critical because it represents a sophisticated, multi-stage intrusion technique that can lead to full system compromise.",Medium,PT1H,PT1H,req MDE.,panda237-r2d2-1712-2025-t2at10mk1088,Custom,Approved,MDXDR,
MDXR-019 - Active Vulnerabilities Detection,"This rule evaluates vulnerability assessment data from the MDETVM_CL table (streamed via Microsoft Defender for Endpoint TVM API), enriched with DeviceInfo and correlated with SecurityAlert records, to identify active and exploitable critical vulnerabilities in environment. The rule focuses on vulnerabilities that meet the following criteria (configurable): - Severity level is Critical. - The vulnerability has a known exploitability level (not marked as NoExploit). - A security update is available. Attackers actively scan for and exploit publicly known critical vulnerabilities, especially when exploit code is available. If security updates are not applied in a timely manner, adversaries may leverage these weaknesses for initial access, privilege escalation, lateral movement, or remote code execution. Alert records: - FirstSeenTimestamp: When the vulnerability was first observed on the device. - LastSeenTimestamp: When the vulnerability was last observed. - DeviceName / DeviceId: The affected endpoint identifier. - Vulnerability: The vulnerable software (vendor and product name). - CveId: Associated CVE identifiers including CVSS score. - Severity: Vulnerability severity level. - ExploitabilityLevel: Exploit availability classification. - OSPlatform / OSVersion: Operating system details of the affected endpoint. Monitoring active and exploitable critical vulnerabilities is essential because these weaknesses represent immediate risk to the organization. Systems with known exploitable CVEs and available patches are prime targets for automated attacks and opportunistic threat actors. Early identification enables prioritization of remediation efforts and reduces exposure to compromise.",Medium,PT1H,P14D,watchlist (ReportedMDEvulnerabilities). optionaly PB (SOC_PB_Report_Vulnerability_To_Watchlist). criticality / expoitable. DeviceName regex.,mdx356b4-r2d2-1802-2026-vulns1mk1088,Custom,NO,MDXDR,
ADDS-006 - Active Directory Database Extraction Activity,"This rule evaluates Windows Security Events (Event ID 4688) and DeviceProcessEvents from Microsoft Defender for Endpoint (MDE) to identify suspicious process executions associated with Active Directory database extraction activity. The rule detects command-line patterns and tools commonly used to access, copy, or extract NTDS.dit and related credential material, including NTDSUtil IFM operations, Esentutl access to NTDS paths, direct NTDS.dit file copy or archival activity, shadow copy based NTDS access, registry hive export on Domain Controllers, DiskShadow activity with NTDS context, and Impacket or secretsdump execution patterns. Alert records: - Time when the suspicious process execution was observed. - Host where the activity occurred. - Whether the host is identified as a known Domain Controller. - Account associated with the suspicious process execution. - Process name or process path related to the detected activity. - Classified Active Directory database extraction technique identified by the rule. - Source telemetry table where the activity was observed. Attackers may attempt to extract NTDS.dit and related registry hives to obtain Active Directory credential material, including password hashes and other sensitive authentication data. Successful extraction may enable offline credential extraction, password cracking, privilege escalation, lateral movement, persistence, or full domain compromise.",High / Medium,PT15M,PT15M,Security Event ID (4688) MDE (DeviceProcessEvents).,666ad563-c3p0-1305-2026-dump14mk1088,Custom,Approved,MDXDR,
ADDS-010 - Local User Account Created on Windows Endpoint,"This rule evaluates DeviceEvents from Microsoft Defender for Endpoint (MDE) and Windows Security Event logs (Event ID 4720) to detect the creation of local user accounts on Windows endpoints (both servers and workstations). Attackers or malicious insiders may exploit legitimate administrative tools or escalate privileges to create unauthorized local accounts. Such accounts can be used for persistence, bypassing detection, or further system compromise. Monitoring this activity aligns with the MITRE ATT&CK technique T1136 - Create Account and is critical for identifying security threats and reducing risks. Alert Records: - Time: When the account creation occurred. - Device: The endpoint's name, type (server or workstation), OS, and IP address. - Initiator: The user or process responsible for creating the account, including their domain, username, and security identifier (SID). - Target: Details of the newly created account, including its username and SID. Monitoring local account creation is critical for detecting potential threats, ensuring accountability, and maintaining secure configurations across the organization’s systems.",Low,PT30M,PT47H,req Event ID 4720 and DeviceEvents (MDE).,win0endp-c3p0-1806-2024-20c9a0mk1088,Custom,Approved,MDXDR,
ADDS-011 - Member Added to Local Group on Windows Endpoint,"The rule evaluates DeviceEvents from Microsoft Defender for Endpoint (MDE) and Windows Security Event logs to detect when a user account is added to a local group on Windows endpoints (both servers and workstations). Adding accounts to local groups is a critical operation that can indicate misconfigurations or malicious activity. Monitoring this behavior aligns with the MITRE ATT&CK technique T1136 - Create Account and T1078 - Valid Accounts, focusing on detecting unauthorized changes in group memberships that could lead to privilege escalation or unauthorized access. - Local groups manage access control on individual devices, and unauthorized changes can lead to policy violations or security breaches. - Adversaries may use such changes to gain elevated privileges, bypass authentication mechanisms, or establish persistence. - Tracking these events improves security monitoring and ensures adherence to organizational access control policies. Alert Records: - Time: When the account addition occurred. - Device: The endpoint's name, type (server or workstation), OS, and IP address. - Initiator: The user or process that performed the action, including their domain, username, and security identifier (SID). - Target: Details of the group and the account added to it, including group name, group SID, target username, and SID. By proactively detecting changes in local group memberships, this rule helps organizations mitigate risks associated with unauthorized privilege escalation and enhance their overall security posture.",Medium,PT10M,PT47H,req Event ID 4798 - A user's local group membership was enumerated to work OK and DeviceEvents (MDE).,win6sec7-c3p0-2506-2024-cfbf00mk1088,Custom,Approved,MDXDR,
ADDS-047 - Pass The Hash Activity via NTLM Authentication,"The rule evaluates SecurityEvent logs (Event ID 4624) and Microsoft Defender for Endpoint (MDE) DeviceLogonEvents to identify potential Pass-the-Hash (PtH) activity. It correlates interactive or RDP logons on a source device with subsequent NTLM network logons (LogonType 3) from the same device within a defined correlation window (default 8h). Suspicious behavior is identified when a user (User A) successfully logs on interactively/RDP to a device (SourceHost) and, within the correlation window, the same device initiates an NTLM network logon to a different device (TargetHost) under a different account (User B). This mismatch between the locally authenticated user and the account used for network authentication strongly suggests the use of stolen password hashes. Such behavior may indicate that an attacker has obtained password hashes from a compromised host and is reusing them to authenticate against other systems, enabling lateral movement without needing the plaintext password. Alert records: - Time: When the NTLM authentication occurred. - Source Host: The device from which the NTLM logon originated. - Source IP: IP address of the source host. - Authenticated Account: Account used for the interactive/RDP logon on the source device. - Target Host: The device receiving the NTLM logon. - Target Account: The account being authenticated against on the target device. - Logon Types: Details of both the interactive/RDP logon and the NTLM network logon observed. Monitoring this activity aligns with the MITRE ATT&CK technique T1550.002 – Use Alternate Authentication Material: Pass the Hash and is critical for detecting lateral movement and compromised account usage in Windows environments.",Medium,PT1H,PT8H,NO.,win6sec8-r2d2-1109-2025-pth000mk1088,Custom,Approved,MDXDR,
ADDS-050 - LSASS Credential Dumping Activity on Windows Endpoint,"TThis rule evaluates Windows Security Events (Event ID 4688) and DeviceProcessEvents from Microsoft Defender for Endpoint (MDE) to identify suspicious process executions associated with LSASS credential dumping activity on Windows endpoints. The rule detects known tools and command-line patterns commonly used to access or dump LSASS memory, including Mimikatz, SafetyKatz, ProcDump, NanoDump, PPLDump, LSASSY, PyPyKatz, PowerSploit Out-Minidump, Task Manager dump activity, and rundll32 execution of comsvcs.dll MiniDump functionality. Alert records: - Time when the suspicious process execution was observed. - Windows endpoint where the activity occurred. - Account associated with the suspicious process execution. - Process name, process path, and command line related to the detected activity. - Classified LSASS dumping technique or tool identified by the rule. - Process hash, where available. Attackers may attempt to dump LSASS memory to extract credentials, password hashes, Kerberos tickets, or other authentication material that could be used for privilege escalation, lateral movement, or further compromise.",High,PT15M,PT15M,Security Event ID (4688) MDE (DeviceProcessEvents).,666ad562-c3p0-1105-2026-dump14mk1088,Custom,Approved,MDXDR,
CloudApps - Sensitivity Label Downgraded or Removed from file,The rule detects user activity of Sensitivity Label.,Medium,PT1H,PT1H,NO.,mip3b965-c3p0-2610-2022-bd0de3mk1088,Custom,No,MPIP,
CloudApp - New Sensitivity Label or Label Policy created,The rule detects the creation of a new Sensitivity label or label policy in Microsoft Purview Information Protection. Verify that this is a legitimate operation. The label can affect the organization's data handling.,Informational,PT2H,PT2H,NO.,mip2b72d-r2d2-2610-2022-a98440mk1088,Custom,No,MPIP,
Logon of several accounts to MS VPN failed,Identifies if several accounts failed authenticate to Microsoft VPN in short time period. Failed attempts on several accounts can be an indication of a password spray attempt.,Medium,PT1H,PT1H2M,Threshold.,msvpn02d-r2d2-2022-9aa7-129e57mk1088,Custom,,MsVPN,
Multiple logons of account to MS VPN failed,Identifies accounts who have failed to authenticate multiple times in a row to Microsoft VPN. Multiple failed attempts can be an indication of a brute force attempt.,Medium,PT30M,PT31M,Threshold.,msvpn01a-c3p0-2022-a5bd-7af303mk1088,Custom,,MsVPN,
O365-001 - Accessed files shared by temporary external user,This detection identifies an external user is added to a Team or Teams chat and shares a files which is accessed by many users (>10) and the users is removed within short period of time. This might be an indicator of suspicious activity.,Low,PT1H,PT1H,Threshold Own EXT tag.,95d47e4a-2044-45a5-85d2-49e4fc5efb24,Out of Box,Approved,OfficeActivity,
O365-002 - Executable file Uploaded to SharePoint or OneDrive,"This rule evaluates M365 activities when an executable file is uploaded to SharePoint or OneDrive. The rule searches for specific file extensions ('exe', 'inf', 'gzip', 'cmd', 'bat', 'ps1', 'msi'). The rule also considers where the file was uploaded, with variations being: - Anonymous Share on SharePoint / OneDrive - User OneDrive - Foreign OneDrive - SharePoint The rule records the start and end times of the event, the upload location, user details, the number of uploaded files, the URL location, IP address, and location. This rule enables efficient monitoring and response to potentially risky situations associated with uploading executable files on the M365 platform. This event may be signal a potential risk of creating a space for malware or other malicious activity. We recommend taking immediate steps to investigate and potentially eliminate the threat. Users should be informed of this event and take security measures, including password changes and monitoring for unusual activities.",Medium/High,PT1H,PT1H,Potentionaly: Threshold for reduce noise Add own file extensions.,spo1376b-ig11-1201-2024-e908d6mk1088,Custom,Approved,OfficeActivity,
O365-003 - Exchange AuditLog disabled,Identifies when the exchange audit logging has been disabled which may be an adversary attempt to evade detection or avoid other defenses.,Medium,PT1H,PT1H,NO.,9ce3056f-1abe-46c6-9c77-7250d5fa7346,Out of Box,Approved,OfficeActivity,
O365-004 - External user added and removed in short timeframe,This detection flags the occurances of external user accounts that are added to a Team and then removed within one hour.,Low,PT1H,PT1H,Optionally specify own EXT Tag.,d8f463c9-03fd-4514-bb62-8400d5ef4a10,Out of Box,Approved,OfficeActivity,
O365-005 - External user from a new organisation added to Teams,The rule identifies external users added to Teams where the user's domain is not one previously seen in Teams data.,Low,PT1H,PT1H,NO.,teams639-cf8f-2022-9e06-092320mk1088,Out of Box,Approved,OfficeActivity,
O365-006 - Multiple Objects Deleted from SPO,"The rule evaluates audit events from the OfficeActivity table in Microsoft 365 to identify potentially unauthorized deletion of multiple files, folders, or sites in SharePoint Online (SPO). The rule triggers when one of the following thresholds is met within a 2-hour period: - 100 or more files are deleted or recycled. - 20 or more folders are deleted or recycled. - Any single site is deleted or recycled. Alerts are also differentiated based on the operation type: - User moved objects to the Recycle Bin (typically retained for 93 days). - User deleted objects from the First Stage Recycle Bin. - Administrator permanently deleted objects from the Recycle Bin. - User permanently deleted objects (bypassing the Recycle Bin). These behaviors may indicate attempts to intentionally destroy data, disrupt operations, or cover malicious activities. They may also result from unintended user actions, both of which can lead to significant data loss. Alert Records: - Time: When the deletion activity started and ended. - Object Type: File, Folder, or Site. - Count: Number of deleted items. - Operation: The action performed, including the type and severity. - User: The user account performing the operation. - IP Address: Source IP address and geolocation. - Device: Managed or unmanaged status. - Samples: Examples of deleted object identifiers. Monitoring mass deletions in SharePoint Online is essential to ensure data integrity, detect potential malicious actions, and support data recovery efforts when needed.",Low,PT2H,PT2H,Optionally change thresholds.,spo365aa-c3p0-1403-2024-da6c0dmk1088,Custom,Approved,OfficeActivity,
O365-007 - Multiple User Mailboxes Forwarding to Same Destination,"The rule evaluates Exchange Online audit logs to identify instances where multiple (current threshold set to 2) users' mailboxes are configured to forward emails to the same destination. The alert records: - IP address and Location - Destination mail address - Number of affected Accounts - Affected Accounts with extended information This detection rule is designed to identify potential security threats where an attacker might have compromised multiple user accounts and configured their mailboxes to forward emails to an attacker-controlled destination. Such activities could lead to unauthorized access to sensitive email communications, resulting in the loss of confidential information and the compromise of multiple user accounts.",Medium,PT1H,P14D,NO.,exo90016-hk47-2002-2024-213650mk1088,Custom,Approved,OfficeActivity,
O365-008 - Multiple files downloaded from SPO or OneDrive,"The rule evaluates files download activities from SharePoint Online (SPO) and OneDrive. It considers several factors, including the number of downloaded files (threshold set at 100 files for SPO and 300 files for OneDrive), the type of device, whether it is a managed device, and if the download is from an anonymous link. The alert records: - User ID, IP Address, and Agent - Information about the used device - Sites - Samples of downloaded files This significant file download activity raises concerns about potential data exfiltration or unauthorized access. The large volume of downloaded files, combined with the involvement of a managed/unmanaged device or anonymous share, suggests a deliberate and potentially high-risk action. Immediate investigation is recommended to assess the nature and intent behind this operation, as it may pose a threat to the security of the Microsoft 365 environment. Additionally, monitoring for any abnormal data transfer patterns or further suspicious activities is advised to prevent potential data breaches.",Low,PT2H,P14D,Optionally change thresholds.,spo1b585-c3p0-2301-2024-175648mk1088,Custom,Approved,OfficeActivity,
O365-009 - Not allowed App added to MS Teams,"The rule monitors the status of applications in Microsoft Teams and provides information about their addition. The rule evaluates whether a new app has been added to MS Teams, which hasn't been used in the last 14 days, and also compares the status with the watchlist of 'Teams_Allowed_Applications' of apps in the organization environment. The incident records the identity of the caller, the name of the app, and whether it is allowed or app has been used in last 14 days.",Low,P1D,P14D,Wachtlist (Teams_Allowed_Applications).,teams02c-cb59-2022-ae65-9f8460mk1088,Custom,Approved,OfficeActivity,
O365-010 - Office Policy Tampering,"Identifies if any tampering is done to either auditlog, ATP Safelink, SafeAttachment, AntiPhish or Dlp policy. An adversary may use this technique to evade detection or avoid other policy based defenses. References: https://docs.microsoft.com/powershell/module/exchange/advanced-threat-protection/remove-antiphishrule?view=exchange-ps.",Medium,PT1H,PT1H,NO.,1160feb2-ca3a-4d20-8f98-3527f30e84f3,Out of Box,Approved,OfficeActivity,
O365-011 - Risky Exchange Online Administrative Operation,"This rule evaluates Exchange Online administrative audit events from the OfficeActivity table and correlates them with Microsoft Entra ID sign-in context from SigninLogs. The rule detects selected Exchange Online administrative operations that may affect mail flow, recipient impersonation, mailbox configuration, or Exchange administrative permissions. The monitored operations include recipient permission grants, Exchange Online management role assignments, transport rule creation or modification, and selected mailbox configuration changes. Monitored operations: - Add-RecipientPermission - New-ManagementRoleAssignment - New-TransportRule - Set-TransportRule - Set-Mailbox Alert records include: - Time of the Exchange Online administrative operation. - Initiating account that performed the operation. - Operation name and normalized target object. - Recipient permission details, including granted identity and access rights. - Exchange Online management role assignment details, including role, assignee type, assignee, and scope. - Transport rule or mailbox parameters changed by the operation. - Related sign-in context for the initiating account, including IP address, device information, and location where available. - Detection reason explaining the observed administrative change. These operations may be legitimate administrative activity, but they can also be abused to impersonate recipients, modify mail flow, assign Exchange administrative permissions, configure mailbox forwarding, or alter mailbox behavior. The rule provides operational visibility and prioritizes management role assignments as high severity and recipient permission grants as medium severity.",High / Medium / Low,PT1H,P14D,function (AzureAD_SignInLogs_functions).,exobbd1f-c3p0-2105-2023-1357d2mk1088,Custom,Approved,OfficeActivity,
O365-012 - Ransomware Activity Detection on SPO and OneDrive,"The rule evaluates audit events in Microsoft 365 (formally Office 365) and looks for activities matching a Ransomware attack on SharePoint Online (SPO) and OneDrive. It examines the quantity of deleted files and recently uploaded (thresholds) files with unfamiliar file extensions, or recognized ransomware file extensions. If such an event is detected, an alert is triggered. The alert records: - User - Caller IP Address - File extension - Current file count - Samples of files - Site URLs Monitoring potential ransomware activity on SharePoint Online (SPO) and OneDrive is crucial for several reasons. SPO and OneDrive often store sensitive and valuable data. Ransomware can encrypt this data, rendering it inaccessible. Early detection through monitoring can help ensure business continuity. Monitoring can help detect ransomware activity early, potentially preventing data loss.",Low/Medium,PT30M,PT2H,no.,o365a93a-c3p0-2703-2024-a7e114mk1088,Custom,Approved,OfficeActivity,
O365-013 - SharePoint Anonymous Share Link Created,"This rule evaluates Microsoft 365 audit events from the OfficeActivity table to identify the creation of anonymous sharing links in SharePoint Online or related Microsoft 365 workloads. The rule detects SharePoint sharing operations where an anonymous link was created. Anonymous links, also known as Anyone links, allow access to shared content without requiring user authentication and may increase the risk of unintended data exposure. Alert records: - Time when the anonymous sharing link was created. - Microsoft 365 workload where the operation occurred. - User who created the anonymous link. - Managed or unmanaged device indicator. - Source IP address and geolocation details. - SharePoint site URL and relative source path. - Sharing properties such as expiration date, anonymous access flag, share type, granted permissions, and password protection status. This activity may indicate risky external sharing behavior, misconfiguration, or unauthorized sharing performed after account compromise. The rule does not confirm data exfiltration by itself, but identifies creation of an anonymous access path that may enable unverified access to organizational content.",Low,PT1H,PT1H,NO.,spo365ab-r2d2-1101-2024-f23f53mk1088,Custom,no,OfficeActivity,
O365-014 - SharePoint Sharing Policy Modification at Tenant Level,"The rule evaluates OfficeActivity logs and detects changes made to the SharePoint Online (SPO) Sharing Policy at the Tenant level. SharePoint Online allows organizations to control how content is shared both internally and externally. Modifications to these policies, especially at the Tenant level, can have significant security implications. This rule aims to alert security teams when such changes occur, allowing for timely investigation and response. If the Sharing policy is changed, then an alert is generated and records the following: - Caller - Caller IP - Location - Managed device status - Modified Properties of Policy - Tenant ID Overall, this rule enhances the security posture of organizations utilizing SharePoint Online by proactively detecting and responding to unauthorized or unexpected changes in Sharing Policy settings at the Tenant level.",Low,PT1H,PT1H,NO.,spo51664-r2d2-1605-2024-456520mk1088,Custom,Approved,OfficeActivity,
O365-015 - Suspicious ExO Inbox Rule Activity,"This rule evaluates Exchange Online audit events from the OfficeActivity table to identify suspicious creation or modification of inbox rules. The rule monitors New-InboxRule and Set-InboxRule operations containing actions commonly used after an account compromise to conceal malicious email activity, including deleting messages, forwarding messages, moving messages to another mailbox folder, or marking messages as read. MarkAsRead-only activity is included only when the configured value is True. To reduce false positives, the rule excludes activity originating from exact IP addresses or IPv4/IPv6 CIDR subnets maintained in the Known_IPs_and_Subnets watchlist. Attackers may create or modify inbox rules after compromising a user identity to hide replies, security notifications, delivery failures, or other messages that could reveal fraudulent email activity performed on behalf of the victim. Alert records include: - Time when the inbox rule was created or modified. - Exchange Online organization where the activity was recorded. - Account that performed the operation. - Source IP address, known IP/subnet classification, and associated geographic location. - Operation type and inbox rule name. - Identified suspicious rule actions. - Forwarding recipient, deletion setting, read status, and destination folder, when available. - External access context and the affected Office object. - Complete raw rule parameters for additional investigation. This activity does not by itself confirm account compromise. The detected inbox rule should be reviewed together with previous identity, sign-in, mailbox, and email activity to determine whether the change was authorized.",Medium,PT1H,PT1H,watchlist (Known_IPs_and_Subnets).,exo8f0e6-r2d2-1910-2023-d19cb2mk1088,Custom,Approved,OfficeActivity,
O365-016 - User assigned as Owner of multiple Teams,"The rule monitors changes in assigning the Owner role permissions within a Team in Microsoft Teams. This change has the potential to significantly impact the security and integrity of data in team channels. The rule is designed to identify potentially risky situations, such as unauthorized changes and misuse of permissions by users with the Owner role, which could compromise the security and data management in team channels. Alert is generated if: - A member is elevated to the Owner role in at least 5 Teams (Threshold) Alert records: - Member UPN - Teams Names and GUIDs - Iniciator and Inciator ID",Low / Medium,PT1H,P1D,Threshold.,teams0b1-4a40-2022-8391-4a4da0mk1088,Custom,Approved,OfficeActivity,
O365-017 - Potential Forms-based Phishing Email,"The rule identifies emails containing links to domains that include ""forms."" (for example, forms.microsoft.com), where the message also fails one or more authentication checks such as SPF, DKIM, or DMARC. Attackers often abuse Microsoft Forms to host phishing pages that mimic legitimate login prompts or surveys in an attempt to collect credentials or personal data. These emails typically bypass standard detection by relying on trusted hosting domains and insufficient sender verification. Alert records: - Time: When the email was received. - Recipient: Targeted mailbox and user object ID. - Subject: Subject line of the email. - URL details: Domain, full link, and detected URL location. - Authentication: Status of SPF, DKIM, and DMARC. - Sender: Display name, sender address, sender IP, geolocation, and domain. - Email metadata: Delivery action, destination folder, and email language. Monitoring this activity is essential because phishing campaigns increasingly use trusted Microsoft infrastructure to deceive recipients. Combining failed authentication with suspicious URLs is a strong indicator of targeted phishing or spoofing attempts.",Medium,PT1H,PT1H,NO.,exo111e6-r2d2-2306-2025-o365b2mk1088,Custom,Approved,OfficeActivity,
O365-018 - Malware Detection in Microsoft 365 Storage,"This rule evaluates OfficeActivity events from Microsoft 365 to identify malware-related operations reported in SharePoint, OneDrive, or other Microsoft 365 storage workloads. The rule detects malware or virus detection operations, including FileMalwareDetected, MalwareDetected, and VirusDetected. It enriches each malware detection event with the last related file action observed on the same Microsoft 365 object within the configured correlation window. Related file actions include file upload, full sync upload, modification, copy, or move operations. Alert records: - Time when the malware-related operation was reported. - Microsoft 365 workload, site URL, object URL, source path, file name, and file extension. - Last related file action, initiator, initiator type, initiator IP address, user agent, managed device status, and client application when available. - Time difference between the last related file action and the malware detection event. - Reporting identity and reporting client application from the malware detection event. - Raw Event_Data and AppAccessContext values for investigation context. This activity may indicate that Microsoft 365 detected malicious or potentially unwanted content in a SharePoint, OneDrive, Teams, or related Microsoft 365 storage context. When a previous related file action is available, the initiator represents the account associated with the last observed file action before detection. If no related file action is found, the reporting identity may be a system or application identity and should not automatically be interpreted as the user who uploaded or created the content.",Medium,PT1H,P1DT1H,NO.,st0rag36-c3p0-1106-2026-4a1970mk1088,Custom,Approved,OfficeActivity,
O365-019 - Exchange Online Mailbox Permission Granted,"This rule evaluates Exchange Online administrative audit events from the OfficeActivity table to identify successful Add-MailboxPermission operations. The rule detects when mailbox permissions are granted to another identity, with a focus on FullAccess permissions. It also identifies self-grant scenarios where the initiating account grants mailbox access to itself. IdentityInfo is used as a best-effort enrichment source to resolve GUID-based identities to user principal names where available. Alert records include: - Time of the Exchange Online permission change. - Initiating account that performed the operation. - Target mailbox or mailbox display name. - Identity that received the mailbox permission. - Granted access right. - Grant classification, including self-granted mailbox permissions. - Detection reason explaining the permission change. Granting FullAccess to a mailbox can allow another identity to open and access mailbox content. Self-granted mailbox permissions are higher risk because they may indicate misuse of administrative privileges, unauthorized access setup, or activity performed from a compromised administrator account.",High / Medium / Low,PT1H,P14D,NO.,exo019oa-c3pO-1906-2026-338680mk1088,Custom,Approved,OfficeActivity,
Advanced Multistage Attack Detection,"Microsoft Sentinel uses Fusion, a correlation engine based on scalable machine learning algorithms, to automatically detect multistage attacks by identifying combinations of anomalous behaviors and suspicious activities that are observed at various stages of the kill chain. On the basis of these discoveries, Azure Sentinel generates incidents that would otherwise be very difficult to catch.",High,synced,synced,NO.,BuiltInFusion,Out of Box,Approved,Sentinel,
MSSI-003 - Abnormal Increase in Data Ingestion Volume,"The rule evaluates audit events from the Usage table to detect abnormal increases in billable data ingestion into Microsoft Sentinel. It compares today's total ingestion volume against the average daily volume calculated over a configurable time window (e.g., 7 days) for each data type. The rule generates an alert if both of the following conditions are met: - The current ingestion volume exceeds the average by more than a defined percentage (current threshold is set to 25%). - The absolute difference in volume surpasses a configured threshold (current threshold is set to 300 MB). These patterns may indicate potential misconfigurations, anomalous spikes in telemetry, or deliberate attempts to flood the SIEM with large volumes of irrelevant data. Such behavior can degrade system performance, obscure genuine alerts, or signal underlying security incidents. Alert Records: - Data Type: The type of ingested data that exhibited the anomaly. - Today’s Volume (MB): The current day’s total ingestion for the data type. - Average Volume (MB): The average daily ingestion volume over the past 7 days. - Difference (MB): The absolute volume change from the average. - Change (%): The percentage difference compared to the average. - Trend: Whether the change is an increase or drop. Monitoring these anomalies helps identify risks related to unexpected ingestion growth, possible security misconfigurations, or overcollection that could strain the SIEM’s capacity and effectiveness.",Medium,PT1H,P8D,NO.,senti1540-hk47-0408-2023-ca4019mk1088,Custom,Approved,Sentinel,
Data connector does not send data to the workspace,"This detection will go over the last log received from the listed Connectors. If the last log form connector is older than 3 hours, then incident is created. Please check the connector health. You can use Data collection health monitoring workbook for the additional investigation.",Informational,PT15M,PT2H,Parser ConnectorLastLogs.,senti035-r2d2-2022-b995-ec0d70mk1088,Custom,Approved,Sentinel,
MSSI-001 - Log Analytics Daily Cap and Data Retention Monitoring,"This rule evaluates log entries from the _LogOperation table in Microsoft Sentinel to monitor changes to the daily data ingestion quota, data retention settings, and quota compliance events. The query identifies: - Adjustments to the daily ingestion cap: Including the new and previous values, along with the identity of the user who initiated the change. - Changes to data retention settings: Capturing updates to the retention period, the new and previous values, and the user responsible. - Quota compliance events: Monitoring when data ingestion is halted or resumed due to reaching or respecting quota limits. Unexpected changes to ingestion quotas, retention settings, or interruptions in data collection may indicate unauthorized actions, misconfigurations, or attempts to evade detection by overwhelming or manipulating log systems. Such tactics can disrupt security monitoring. Monitoring these events helps ensure the reliability and continuity of security systems. Alert Records: - Time: When the quota or retention change or status event occurred. - Details: Previous and new daily ingestion limits, data retention periods, or the status of quota adherence (e.g., ingestion stopped or resumed). - Initiator: The user or process responsible for the change, including username and security context. By monitoring changes to ingestion quotas, retention periods, and quota adherence events, this rule helps organizations detect and mitigate potential attacks targeting security monitoring systems, ensuring the reliability and availability of threat detection mechanisms.",Informational / High,PT10M,PT10M,NO.,mssif9ff-r2d2-1005-2021-senti0mk1088,Custom,Approved,Sentinel,
MSSI-002 - Microsoft Sentinel Content Modified by Unapproved Caller,"The rule evaluates Microsoft Sentinel audit logs (such as AzureActivity, SentinelAudit, and SentinelHealth) to detect unapproved modifications to Sentinel resources and content. Unauthorized changes to Sentinel components may indicate compromised accounts, insider threats, or operational misconfigurations, potentially impacting the platform's ability to detect and respond to security incidents. This monitoring aligns with best practices for securing operational environments and supports compliance with organizational and regulatory requirements. Monitored actions include: - Analytics rules: Creation, updates, deletion, or disabling. - Automation rules: Creation, updates, or deletion. - Playbooks: Creation, updates, deletion, enabling, or disabling. - Incidents: Deletion. - Tables: Creation, updates, or deletion. - API Connections: Creation, updates, or deletion. - Workbooks and Watchlists: Creation, updates, or deletion. Alert records: - Time: Timestamp of the detected modification. - Action: Specific activity performed (e.g., rule update, playbook deletion). - Resource details: Name, type, and ID of the modified resource. - Caller: Identity of the individual or process initiating the modification, including UPN or application ID. - IP Address and location: Origin of the action, including geolocation information. Rationale and implications: - Sentinel resource modifications should only be performed by authorized administrators or applications to prevent misuse or accidental disruptions. - Unapproved changes can suppress alerts, alter configurations, or lead to blind spots in detection mechanisms. - By detecting these activities in real-time, organizations can mitigate risks, ensure accountability, and maintain system integrity. Recommended response: When an incident is generated, security teams should immediately review the alert to verify the caller's legitimacy and investigate the intent behind the modification. Prompt action is necessary to prevent potential security breaches or operational impacts.",Low,PT1H,P2D,Whitelist (SentinelAdmins).,az38ce08-hk47-1702-2023-216f06mk1088,Custom,Approved,Sentinel,
MSSI-004 - Missing Heartbeat from Windows or Linux Machine,"This rule evaluates heartbeat events from the Heartbeat table to identify Windows or Linux machines that have stopped sending heartbeat data to Microsoft Sentinel within the defined time threshold. The rule detects monitored machines reporting through Azure Monitor Agent or Direct Agent whose last heartbeat is older than the configured period. It also identifies whether the affected machine is listed as a Domain Controller and adjusts severity accordingly. Missing heartbeat activity may indicate that the machine is offline, unreachable, improperly configured, or no longer sending telemetry due to agent failure, service disruption, or malicious interference. Alert records: - Time of the last received heartbeat and number of minutes since the last heartbeat - Affected machine - OS informations - Last known public and private IP addresses - Environment and category Monitoring this activity is important because loss of heartbeat may reduce visibility into the affected system and may indicate operational issues or intentional attempts to disable monitoring.",High / Low,PT30M,PT2H,watchlist (DomainControllerList). exluded Computers.,ama46462-r2d2-0612-2023-7958b9mk1088,Custom,Approved,Sentinel,
Status of incident has been changed,"The rule monitors incident status changes. An alert is generated when the owner is assigned, or any other incident status is changed. Alert is the trigger for the Playbook. The Playbook notifies the owner via email. This rule do NOT create a new incident.",Informational,PT5M,PT5M,NO.,s3nt1n3l-c3p0-0203-2023-b4e8b0mk1088,Custom,Approved,Sentinel,
SCCM Change has been made in Task Sequence,The change in Task seqeunce found in SCCM. Please verify the operation is correct. The changes in task sequences may impact environment.,Medium,PT1H,PT1H,NO.,sccm02d8-c3p0-2022-b463-345dd0mk1088,Custom,,SCCM,
SCCM Client setting has been changed,Client setting has been changed in SCCM. Please verify the operation is correct.,Low,PT1H,PT1H,NO.,f8f6854e-01f8-4d51-89bd-debe50522fc2,Custom,,SCCM,
SCCM Collection has been created or edited,The collection has been created or edited in SCCM. Please verify the operation is correct. Creation of collection can have high impact to environment.,Medium,PT1H,PT1H,NO.,sccm8441-r2d2-2022-a630-9ee952mk1088,Custom,,SCCM,
SCCM Collection has been removed,The collection has been removedin SCCM. Please verify the operation is correct. Removing of collection can have impact to environment.,Informational,P1D,P1D,NO.,sccm04b7-c3p0-2022-8a87-8f9ee0mk1088,Custom,,SCCM,
SCCM Hierarchy change has been made,The change in hierarcuy has been made in SCCM. Please verify the operation is correct.,Medium,PT1H,PT1H,NO.,d8a89163-ff11-4aa0-a61c-286324221bbe,Custom,,SCCM,
SCCM Member has been assigned to administrative role,User or group has been assigned to administrative role. Please verify the operation is correct. Unauthorized tampering with the administrator's authorization can result in a high security incident.,High,PT5M,PT5M,NO.,sccm765f-c3p0-2022-a3e4-07fd00mk1088,Custom,,SCCM,
SCCM Member has been removed from administrative role,The member has been removed to administrative role. Please verify the operation is correct. Unauthorized tampering with the administrator's authorization can result in a hight security incident.,Informational,P1D,P1D,NO.,sccm37a6-c3p0-2022-a33f-26fac1mk1088,Custom,,SCCM,
SCCM New Application deployment has been made,The new application deployment found in SCCM. Please verify the operation is correct. Deployment of application can have impact to target collection.,Low,PT1H,PT1H,NO.,sccm1e06-c3p0-2022-8aa6-ab7970mk1088,Custom,,SCCM,
SCCM New Security role has been created,New Security role has been created in SCCM. Please verify the operation is correct. Unauthorized tampering with the administrator's authorization or role creation can result in a high security incident.,High,PT5M,PT5M,NO.,sccm4225-r2d2-2022-8080-e2a6a6mk1088,Custom,,SCCM,
SCCM Script has been approved,The script has been approved in SCCM. Please verify the operation is correct. Approving of script can have high impact to environment.,Medium,PT5M,PT5M,NO.,sccm91d8-r2d2-2022-b4db-bc1614mk1088,Custom,,SCCM,
SCCM Script has been created or edited,Script has been created or edited in SCCM. Please verify the operation is correct. Scripts can have high impact to environment. ScirptContent holds the actual script from the Configuration Manager. You can decode the script.,Low,PT5M,PT5M,NO.,sccm70c9-r2d2-2022-a225-cf7eb9mk1088,Custom,,SCCM,
SCCM Software Update Group has been removed,The Software Update Group has been removed in SCCM. Please verify the operation is correct. Removing a group can result in potential vulnerabilities on endpoints.,Low,P1D,P1D,NO.,a0b882cb-35f0-484e-82e3-1fe160c43dcf,Custom,,SCCM,
VEBR-001 - Missing Veam Audit Logs,"The rule evaluates audit events from the Veeam_BR_CL table to identify a disruption in log delivery from Veeam Backup & Replication to Microsoft Sentinel. It monitors the continuity of log ingestion and triggers when no audit logs have been received within a defined time threshold (configurable) during the specified observation window. Such gaps in audit logging may indicate issues such as network misconfiguration, logging pipeline failure, ingestion delays, or potential malicious activity aimed at suppressing log generation or forwarding. Maintaining consistent log flow is essential to ensure visibility into backup operations and related security events. Alert Records: - Last Log Time: Timestamp of the most recent log received from Veeam Backup & Replication. - Time Since Last Log: Human-readable duration since the last received log. - Time Delta (minutes): Time difference between the current time and the last received log. - Type: Log category or event type associated with the last received record. Monitoring interruptions in Veeam audit log ingestion helps detect potential visibility gaps and ensures the reliability of security monitoring, alerting, and forensic analysis.",Low,PT30M,P1D,No.,veeam001-r2d2-1703-2026-012345mk1088,Custom,,Veeam,
VEBR-002 - Four-Eyes Activity Monitoring for Veeam Backup,"This rule evaluates audit events from the Veeam_BR_CL table to identify activities related to the Four-Eyes authorization mechanism in Veeam Backup & Replication. The rule monitors security-relevant operations that require dual control approval, including: Enabling Four-Eyes authorization Disabling Four-Eyes authorization Creation of authorization requests Approval of authorization requests The Four-Eyes authorization feature is designed to reduce the risk of unauthorized or accidental critical actions within the backup infrastructure. These actions may include deletion of backup data, modification of backup repositories, removal of configuration data, or operations affecting Veeam Cloud Connect environments. By requiring approval from another privileged user, this mechanism enforces separation of duties and strengthens operational security. Attackers or malicious insiders may attempt to disable this control or abuse the approval workflow to perform destructive or unauthorized actions. Monitoring these events helps detect potential misuse of administrative privileges or attempts to bypass security safeguards. Alert records: - Time: Timestamp of the activity - Activity: Type of Four-Eyes operation performed - Initiator: User who initiated the action - Approver: User who approved the request (if applicable) - Host Name: System where the activity occurred - Description: Detailed information about the performed action - Severity: Assigned severity based on the activity type Monitoring these activities is critical to ensure that sensitive operations within the backup environment are properly controlled and authorized. This helps protect data integrity, prevent unauthorized modifications, and maintain availability of backup systems.",Low / Medium,PT15M,PT15M,No.,veeam76d-r2d2-1607-2024-615209mk1088,Custom,,Veeam,
VEBR-003 - MFA Configuration Changes in Veeam Backup,"This rule evaluates audit events from the Veeam_BR_CL table to identify changes in multi-factor authentication (MFA) configuration within Veeam Backup & Replication. The rule monitors key MFA-related operations, including: - Global MFA enabled or disabled - MFA enabled or disabled for specific user accounts - MFA token revocation (reset) These activities directly impact the security posture of the environment. MFA is a critical control that protects against unauthorized access, even when credentials are compromised. Changes to MFA settings may weaken this protection. Attackers or malicious insiders may attempt to disable MFA or modify its configuration to bypass authentication controls or maintain unauthorized access. Monitoring these events helps detect such attempts. Alert records: - Time: Timestamp of the activity - Operation: Type of MFA-related action performed - Initiator: User who performed the action - Target Account: Affected account (if applicable) - Computer: System where the activity occurred - Description: Details of the change - Severity: Assigned severity Monitoring MFA configuration changes is essential to maintain strong authentication controls and protect access to the backup infrastructure.",Informational / Medium,PT15M,PT15M,No.,veeam71d-r2d2-2506-2024-615209mk1088,Custom,,Veeam,
VEBR-004 - Repeated Invalid MFA Codes in Veeam Backup,"This rule evaluates audit events from the Veeam_BR_CL table to identify repeated failed MFA code entries in Veeam Backup & Replication. The rule detects user accounts for which invalid MFA codes were entered three or more times within the defined time window. Such activity may indicate user error, unauthorized access attempts, or brute-force activity targeting the backup environment. Alert records: - Start Time: Time of the first failed attempt - End Time: Time of the last failed attempt - User Name and SID: Account for which the MFA code was entered - Host Name: System where the activity was recorded - Count of Attempts: Total number of invalid MFA code entries Monitoring repeated MFA failures helps identify suspicious authentication activity and possible attempts to bypass access controls protecting the backup infrastructure.",Low,PT1H,PT1H,req function (Veeam_InstanceIds).,veeam70d-r2d2-2506-2024-615209mk1088,Custom,,Veeam,
VEBR-005 - User Blocked After Repeated MFA Failures,"This rule evaluates audit events from the Veeam_BR_CL table to identify user accounts that were blocked after repeated failed MFA code attempts in Veeam Backup & Replication. Such events indicate that the built-in protection mechanism was triggered due to multiple failed authentication attempts. While this may result from user error, it can also indicate brute-force attempts or unauthorized access using compromised credentials. Alert records: - Start Time: Time of the first failed attempt - End Time: Time of the last failed attempt - User Name: Affected account - SID: Security identifier of the account - Computer: System where the activity was recorded Monitoring these events helps identify potential unauthorized access attempts and ensures that authentication protections are functioning correctly within the backup environment.",Low,PT1H,PT1H,req function (Veeam_InstanceIds).,veeam75d-r2d2-1607-2024-615209mk1088,Custom,,Veeam,
VEBR-006 - Veeam Backup Console Logon by Break Glass Account,"This rule evaluates audit events from the Veeam_BR_CL table to identify successful Veeam Backup & Replication console logons performed by accounts listed in the Break Glass Accounts watchlist. The rule detects console launch events initiated by highly privileged emergency accounts. Use of these accounts should be rare and tightly controlled, as they provide elevated access to the backup environment. Attackers or malicious insiders may abuse such accounts to gain administrative access, modify configurations, disable protections, or impact backup and recovery operations. Alert records: - Time: Timestamp of the console logon - Account: User account that launched the console - SID: Security identifier of the account - Computer: System where the console was launched - Description: Details of the event Monitoring these activities is essential because privileged account access to the backup console represents a high-risk action and may indicate unauthorized or emergency access misuse.",Medium,PT15M,PT15M,Watchlist (BreakGlassAccounts). req function (Veeam_InstanceIds).,veeam74d-r2d2-2506-2024-615209mk1088,Custom,,Veeam,
VEBR-007 - Credential Record Activity on Veeam Backup,"This rule evaluates audit events from the Veeam_BR_CL table to identify activity related to credential records in Veeam Backup & Replication. The rule monitors operations involving credential records used to access components of the backup infrastructure, including: - Credential record added - Credential record updated - Credential record deleted These events may indicate legitimate administrative activity, but they may also reveal unauthorized changes to stored credentials or attempts to manipulate access to backup components. Alert records: - Time: Timestamp of the activity - Activity: Type of credential record operation - Initiator: User who performed the action - Target: Affected credential record - Target ID: Identifier of the credential record - Property Changed: Modified property, if applicable - Old Value / New Value: Previous and new values, if applicable - Login Type: Type of initiator logon - Computer Monitoring these events is important because changes to credential records can affect access to backup infrastructure and may indicate unauthorized administrative activity.",Low / Medium,PT15M,PT15M,req function (Veeam_InstanceIds).,veeam72d-r2d2-2506-2024-615209mk1088,Custom,,Veeam,
VEBR-008 - Backup Copy Move and Restore in Veeam,"This rule evaluates audit events from the Veeam_BR_CL table to identify backup copy, move, or restore operations initiated in Veeam Backup & Replication. The rule detects the following operations: - Copy Backup - Move Backup - Restore Session Started These activities may represent legitimate administrative actions, but they can also indicate unauthorized backup handling, data exfiltration, or attempts to access or manipulate protected data. Alert records: - Time: Timestamp of the activity - Activity: Type of operation performed - Initiator: User who initiated the operation Monitoring these operations is important because unauthorized copying, moving, or restoring of backups may affect data confidentiality, integrity, and availability.",Low,PT1H,PT1H,No.,veeam77d-r2d2-3007-2024-615209mk1088,Custom,,Veeam,
VEBR-009 - Veeam Backup Deletion Activity,"This rule evaluates audit events from the Veeam_BR_CL table to identify backup deletion activities in the Veeam Backup & Replication environment. The rule detects operations where backups are deleted, including actions that are approved or require additional approval. Such activity may indicate attempts to remove recovery points before a ransomware attack or to hide malicious actions. Attackers with access to backup infrastructure may delete backups to prevent recovery and increase the impact of an incident. Monitoring this activity helps detect misuse of privileged access and protect recovery capabilities. Alert records: - Time: When the deletion operation occurred - Operation: Type of operation performed - Initiator: The user who initiated the operation and Login type - Approval: Information about approval and approving account - Host: System where the event was generated Monitoring this activity is critical because backup deletion directly impacts the ability to recover from incidents. Early detection helps reduce risk and maintain business continuity.",Medium,PT1H,PT1H,req function (Veeam_InstanceIds).,veeam009-r2d2-3103-2026-666209mk1088,Custom,,Veeam,
VEBR-010 - Veeam Backup Encryption and Password Modification,"This rule evaluates audit events from the Veeam_BR_CL table to identify changes to backup encryption settings and encryption password management in the Veeam Backup & Replication environment. It detects activities such as encryption password creation, update, deletion, verification, and modifications to backup job encryption settings. These actions may indicate attempts to weaken backup protection or enable unauthorized access to backup data. Attackers may abuse these changes to disrupt recovery or reduce data protection. Monitoring this activity helps detect misuse of privileged access and protect backup security. Alert records: - Time: When the activity occurred - Activity: Related Veeam activity - Initiator: The user who performed the action - Property: Modified encryption-related property - Object ID: Identifier of the affected object Monitoring this activity is important because unauthorized changes to encryption may weaken backup security and increase the impact of a compromise.",Medium,PT15M,PT15M,No.,veeam73d-r2d2-0207-2024-615209mk1088,Custom,,Veeam,
Account added and removed from privileged groups,"Identifies accounts that are added to privileged group and then quickly removed, which could be a sign of compromise.",High,PT30M,PT30M,Watchlist ADCustomPrivilegRoles.,ad3f9cdf-2515-2022-9c0c-047455mk1088,Out of Box,Maybe,WinSecEvents,
ADDS-001 - Active Directory Break Glass Account Activity Monitoring,"This rule evaluates Windows Security Events from Active Directory Domain Controllers to identify activity involving monitored break glass accounts. The rule detects selected authentication and account management events where the target account, target username, or target SID matches an Active Directory break glass account defined in the BreakGlassAccounts watchlist. The monitored events include successful and failed logons, password reset attempts, user account changes, account lockouts, Kerberos TGT requests, and Kerberos pre-authentication failures. Alert records: - Time when the break glass account activity was observed. - Detected event type and activity description. - Target break glass account and target SID. - Initiating account associated with the activity. - Source workstation, where available. - Domain Controller where the event was logged. Break glass accounts are highly privileged emergency accounts intended for exceptional operational scenarios. Any activity involving these accounts should be reviewed promptly to confirm that the usage was expected, approved, and consistent with emergency access procedures.",High,PT5M,PT5M,Watchlist (BreakGlassAccounts).,adds0b91-hk47-2802-2023-aca988mk1088,Custom,Approved,WinSecEvents,
ADDS-002 - AdminSDHolder Modification in Active Directory,"This rule detects any modification to the adminSDHolder object within Active Directory by analyzing SecurityEvent 5136. The adminSDHolder object defines the security descriptor template for all protected accounts and groups (such as Domain Admins and Enterprise Admins) within the domain. Changes to this object’s properties or access control list (ACL) are rare and should always be investigated, as they may result in privilege escalation or weakening of security boundaries. Monitoring adminSDHolder is crucial, as unauthorized modifications can enable persistent elevation of privileges, bypass intended access controls, or facilitate lateral movement within the domain. Alert Records: - Time: Timestamp of the modification - Computer: Domain controller where the change was observed - Initiator: Account name, SID, and type of the user performing the change - ObjectDN: Distinguished Name of the modified adminSDHolder object - Modified Attributes: Attribute names with their previous and new values Review any modification to adminSDHolder immediately. Legitimate changes should be extremely rare and typically only performed by trusted senior administrators during planned change windows.",High,PT15M,PT15M,NO.,adds0002-r2d2-2507-2025-adm5D1mk1088,Custom,Approved,WinSecEvents,
ADDS-003 - AD account with do NOT Expire Password,"The rule detects whenever a user account has changed the setting in the User Account Control to Password Never Expires (UAC value %%2089). Set the password to Never Expire for accounts in Active Directory (AD) is not recommended, because it can reduce the security of your system. When the password is set to never expire, users do not have to change their password regularly, which means that if an attacker gains access to the password, they could use it for an indefinite period of time. This could lead to the loss of confidential information and damage to your system. It is recommended to set regular password expiration and enable multi-factor authentication to increase the security of your system.",Low,PT1H,PT1H,NO.,adds1710-hk47-1203-2021-61b2b9mk1088,Custom,Approved,WinSecEvents,
ADDS-004 - Base64 encoded Windows process command-lines,Identifies instances of a base64-encoded PE file header seen in the process command line parameter.,Medium,PT1H,PT1H,NO.,fc955752-c671-40bc-b21a-5e8ccd479033,Out of Box,Approved,WinSecEvents,
ADDS-005 - Bulk Deletion of Directory Service Objects from AD,"This rule evaluates audit events from the SecurityEvent table (Event ID 5141) to identify instances of bulk deletions of directory service objects in Active Directory. It focuses on specific object classes such as user accounts, computer objects, security groups, organizational units, group policies, and other directory containers. A high number of deletions within a short time frame may indicate a compromised administrative account or a malicious insider attempting to disrupt or cover tracks within the environment. Attackers can exploit elevated permissions to remove large sets of directory objects to impair identity infrastructure, cause denial of service, or erase evidence of prior activity. This behavior is often associated with destructive or evasive techniques. Alert records: - Initiator: The user account responsible for the deletions. - ObjectClass: The type of directory objects deleted (e.g., user, computer, group). - Domain: The Active Directory domain in which the deletions occurred. - DeletedObjects: Total number of objects deleted in a short time period. - ObjectDNs: Distinguished names of the deleted objects. Monitoring large-scale deletions of directory objects is essential for identifying potentially destructive actions and preventing further compromise. Early detection enables rapid response and containment of high-impact threats.",Low / High,PT1H,PT1H,Threshold Set SACL Audit - Everyone for Delete and Delete Child O. on domain or specific OU.,adds2791-c3p0-2022-3832-e02as0mk1088,Custom,Approved,WinSecEvents,
ADDS-006 - Active Directory Database Extraction Activity,"This rule evaluates Windows Security Events (Event ID 4688) and DeviceProcessEvents from Microsoft Defender for Endpoint (MDE) to identify suspicious process executions associated with Active Directory database extraction activity. The rule detects command-line patterns and tools commonly used to access, copy, or extract NTDS.dit and related credential material, including NTDSUtil IFM operations, Esentutl access to NTDS paths, direct NTDS.dit file copy or archival activity, shadow copy based NTDS access, registry hive export on Domain Controllers, DiskShadow activity with NTDS context, and Impacket or secretsdump execution patterns. Alert records: - Time when the suspicious process execution was observed. - Host where the activity occurred. - Whether the host is identified as a known Domain Controller. - Account associated with the suspicious process execution. - Process name or process path related to the detected activity. - Classified Active Directory database extraction technique identified by the rule. - Source telemetry table where the activity was observed. Attackers may attempt to extract NTDS.dit and related registry hives to obtain Active Directory credential material, including password hashes and other sensitive authentication data. Successful extraction may enable offline credential extraction, password cracking, privilege escalation, lateral movement, persistence, or full domain compromise.",High / Medium,PT15M,PT15M,Security Event ID (4688) MDE (DeviceProcessEvents).,666ad563-c3p0-1305-2026-dump14mk1088,Custom,Approved,WinSecEvents,
ADDS-007 - Dumping LSASS Process Into a File,"Adversaries may attempt to access credential material stored in the process memory of the Local Security Authority Subsystem Service (LSASS). After a user logs on, the system generates and stores a variety of credential materials in LSASS process memory. These credential materials can be harvested by an administrative user or system and used to conduct lateral movement using alternate authentication materials. As well as in-memory techniques, the LSASS process memory can be dumped from the target host and analyzed on a local system. Ref: https://attack.mitre.org/techniques/T1003/001/",Medium,PT30M,PT30M,SYSMON.,269eddf9-e7f9-41b0-98ce-c1acb60474b0,Out of Box,Approved,WinSecEvents,
ADDS-008 - Fake computer account created in AD,This query detects domain user accounts creation (event ID 4720) where the username ends with $. Accounts that end with $ are normally domain computer accounts and when they are created the event ID 4741 is generated instead. Ref: https://blog.menasec.net/2019/02/threat-hunting-6-hiding-in-plain-sights.html,Medium,PT1H,PT1H,NO.,606f5024-7045-44c6-abd8-948b3fb18e2d,Out of Box,Approved,WinSecEvents,
ADDS-009 - Identify Mango Sandstorm PowerShell Commands,The query below identifies powershell commands used by the threat actor Mango Sandstorm. Reference: https://www.microsoft.com/security/blog/2022/08/25/mercury-leveraging-log4j-2-vulnerabilities-in-unpatched-systems-to-target-israeli-organizations/,Medium,PT30M,PT30M,NO.,3175a915-4055-4e1d-8792-6300e783b2fa,Out of Box,Approved,WinSecEvents,
ADDS-010 - Local User Account Created on Windows Endpoint,"This rule evaluates DeviceEvents from Microsoft Defender for Endpoint (MDE) and Windows Security Event logs (Event ID 4720) to detect the creation of local user accounts on Windows endpoints (both servers and workstations). Attackers or malicious insiders may exploit legitimate administrative tools or escalate privileges to create unauthorized local accounts. Such accounts can be used for persistence, bypassing detection, or further system compromise. Monitoring this activity aligns with the MITRE ATT&CK technique T1136 - Create Account and is critical for identifying security threats and reducing risks. Alert Records: - Time: When the account creation occurred. - Device: The endpoint's name, type (server or workstation), OS, and IP address. - Initiator: The user or process responsible for creating the account, including their domain, username, and security identifier (SID). - Target: Details of the newly created account, including its username and SID. Monitoring local account creation is critical for detecting potential threats, ensuring accountability, and maintaining secure configurations across the organization’s systems.",Low,PT30M,PT47H,req Event ID 4720 and DeviceEvents (MDE).,win0endp-c3p0-1806-2024-20c9a0mk1088,Custom,Approved,WinSecEvents,
ADDS-011 - Member Added to Local Group on Windows Endpoint,"The rule evaluates DeviceEvents from Microsoft Defender for Endpoint (MDE) and Windows Security Event logs to detect when a user account is added to a local group on Windows endpoints (both servers and workstations). Adding accounts to local groups is a critical operation that can indicate misconfigurations or malicious activity. Monitoring this behavior aligns with the MITRE ATT&CK technique T1136 - Create Account and T1078 - Valid Accounts, focusing on detecting unauthorized changes in group memberships that could lead to privilege escalation or unauthorized access. - Local groups manage access control on individual devices, and unauthorized changes can lead to policy violations or security breaches. - Adversaries may use such changes to gain elevated privileges, bypass authentication mechanisms, or establish persistence. - Tracking these events improves security monitoring and ensures adherence to organizational access control policies. Alert Records: - Time: When the account addition occurred. - Device: The endpoint's name, type (server or workstation), OS, and IP address. - Initiator: The user or process that performed the action, including their domain, username, and security identifier (SID). - Target: Details of the group and the account added to it, including group name, group SID, target username, and SID. By proactively detecting changes in local group memberships, this rule helps organizations mitigate risks associated with unauthorized privilege escalation and enhance their overall security posture.",Medium,PT10M,PT47H,req Event ID 4798 - A user's local group membership was enumerated to work OK and DeviceEvents (MDE).,win6sec7-c3p0-2506-2024-cfbf00mk1088,Custom,Approved,WinSecEvents,
ADDS-012 - Member Added to Privileged Group in Active Directory,"The rule evaluates events where a member is added to a privileged group in Active Directory. The 'ADCustomPrivilegedGroups' watchlist, containing a list of custom privileged groups, is crucial for accurate detection. The alert records the following event details: - Name and SID of the target user - Name and SID of the event initiator - Name and SID of the privileged group Additionally, the rule employs filters to further refine the results, checking for specific conditions such as well-known local and group SIDs, custom privileged groups, and group names containing variations of 'admin.' Identifying these events is imperative for proactive surveillance and the subsequent enforcement of tailored security protocols within the Active Directory infrastructure.",High,PT10M,PT10M,Watchlist ADCustomPrivilegRoles.,adds8b0a-r2d2-2022-a1aa-177448mk1088,Custom,Approved,WinSecEvents,
ADDS-013 - Midnight Blizzard - Script payload stored in Registry,This query identifies when a process execution command-line indicates that a registry value is written to allow for later execution a malicious script References: https://www.microsoft.com/security/blog/2021/03/04/goldmax-goldfinder-sibot-analyzing-nobelium-malware/,Medium,P1D,P1D,NO.,adds38d4-b2b1-2022-91af-cc6597mk1088,Out of Box,Approved,WinSecEvents,
ADDS-014 - Midnight Blizzard - suspicious rundll32.exe execution of vbscript,This query idenifies when rundll32.exe executes a specific set of inline VBScript commands References: https://www.microsoft.com/security/blog/2021/03/04/goldmax-goldfinder-sibot-analyzing-nobelium-malware/,Medium,P1D,P1D,NO.,adds890e-c3p0-2022-bd31-5e1c40mk1088,Out of Box,Approved,WinSecEvents,
ADDS-015 - MSHTML vulnerability CVE-2021-40444 attack,"This query detects attacks that exploit the CVE-2021-40444 MSHTML vulnerability using specially crafted Microsoft Office documents. The detection searches for relevant files used in the attack along with regex matches in commnadline to look for pattern similar to : "".cpl:../../msword.inf"" Refrence: https://www.microsoft.com/security/blog/2021/09/15/analyzing-attacks-that-exploit-the-mshtml-cve-2021-40444-vulnerability/",High,PT1H,PT1H,NO.,ad6ec47b-4lom-2022-98b7-ba87fdmk1088,Out of Box,Approved,WinSecEvents,
ADDS-016 - AD Domain Auth Policy Insecure Configuration,"This detection rule identifies insecure configurations of Active Directory domain authentication policies following a policy change event (Event ID 4739 and 4713). The rule evaluates resulting policy values against defined security baselines and triggers only when the effective configuration does not meet recommended security standards. It focuses on Domain Password Policy and Kerberos Policy settings that directly impact authentication security. Detected scenarios include: - Minimum password length below recommended threshold - Weak or ineffective account lockout configuration - Excessive password lifetime - Disabled password complexity requirements - Enabled reversible password encryption - Disabled enforcement of user logon restrictions (Kerberos) - Excessive Kerberos ticket lifetimes (user, service, renewal) - Increased clock synchronization tolerance The detection is scoped to Domain Controllers to ensure only authoritative domain-level changes are evaluated, excluding local policy applications on member servers. This rule is designed to identify configurations that increase the risk of credential-based attacks, including password spraying, brute force attacks, offline hash cracking, and Kerberos abuse techniques.",Medium,PT1H,P7D,"Security Event ID (4739, 4713, 4768).",666auth2-c3p0-3003-2026-dc5ha4mk1088,Custom,Approved,WinSecEvents,
ADDS-017 - New AD User or Computer Object Created in Unexpected OU,"The rule evaluates Windows Security Event logs (Event ID 5137) to detect the creation of user or computer objects in Active Directory outside of expected organizational units (OUs). Attackers or malicious insiders may attempt to create new AD objects in unexpected OUs to bypass security policies, hide malicious accounts, or establish persistence in the environment. Objects created outside the designated OU structure may not inherit the required Group Policy Objects (GPOs), making them less visible and less protected. Alert records: - Time: When the AD object creation occurred. - Initiator: The account responsible for the creation, including username and SID. - Object: Details of the created object (user or computer), including its name and GUID. - Domain: The domain where the object was created. - Object Path: The distinguished name (DN) and the OU where the object was placed. While this rule highlights potentially suspicious object creation, certain rare administrative activities such as the creation of servers, privileged accounts, or service accounts may also trigger this alert and should be validated as legitimate. Monitoring this event is essential because unauthorized AD objects created in unexpected OUs may lack proper controls, evade detection, or enable adversaries to persist in the environment. This activity represents a deviation from normal administrative practices and therefore poses a security risk.",Low,PT1H,PT1H,watchlist (AD_Objects_expectedOUs).,adds1869-r2d2-0205-2023-fe49admk1088,Custom,Approved,WinSecEvents,
ADDS-018 - New group has been created in AD or Windows Endpoint,"The purpose of this rule is to monitor and alert on the creation of new security groups in both Active Directory (AD) and local Windows Endpoints. This ensures the timely identification of potentially unauthorized or unexpected group creation, which could indicate security breaches or misconfigurations. The rule applies to the following environments: - Active Directory domains - Local Windows Endpoints by collencting Event IDs (4727,4731,4754) from Windows Security Event logs. Alert records: - Created Time, - Domain - Initiator and Computer, - Group Type, Group Name, Group SID, Group DN, Group Description Privileged groups are recorded in the watchlist ADCustomPrivilegedGroups.",Low,PT10M,PT10M,NO.,adds52af-hk47-1304-2023-915575mk1088,Custom,Approved,WinSecEvents,
ADDS-019 - New process of Remote Access Software,"The rule detects new processes relating to common remote access software utilities (watchlist RemoteAccessSoftware) and record each program that is executed, who the program ran as and the process that started this process. You can correlate this event to other event 4689 by Process ID to determine what the program did while it ran and when it exited.",Medium,PT30M,PT30M,Watchlist RemoteAccessSoftware.,adds0d07-r2d2-0301-2023-530f37mk1088,Custom,Approved,WinSecEvents,
ADDS-020 - Non Domain Controller Active Directory Replication,"The rule evaluates potential attempts by non-computer accounts (non-Domain Controllers) to retrieve or synchronize an Active Directory object by leveraging Directory Replication Services (DRS). Typically, a Domain Controller (computer account) would perform these actions in a domain environment. If any of the attributes below are accessed by a non-computer account, an alert is generated: - DS-Replication-Get-Changes - DS-Replication-Get-Changes-All - DS-Replication-Get-Changes-In-Filtered-Set Alert records include: - Time and Date - Account - Host Name - IP Address - Properties More information about Active Directory Replication can be found at: https://threathunterplaybook.com/library/windows/active_directory_replication.html",High,PT1H,PT1H,Watchlist DomainControllerList.,ad47f244-c3p0-2022-a572-0fcbe2mk1088,Custom,Approved,WinSecEvents,
ADDS-021 - Password Reset of Active Directory Privileged Account,"This rule detects events when the password of a Privileged Account in Active Directory is reset. The password reset of a Privileged Account is a critical event that should be rare and strictly controlled. Such an action should always be preceded by a formal request, typically in the form of a ticket, to ensure proper authorization and documentation. Unauthorized or unexpected resets can be indicative of potential security breaches or administrative errors, and they require immediate investigation to maintain the integrity and security of the Active Directory environment. Alert records: - Password Last Set - Initiator - Target Account - Domain This rule helps in identifying and alerting administrators to these high-risk events to facilitate prompt and appropriate responses.",High,PT30M,PT30M,Name convention of Accounts.,adds11b4-ig12-0405-2023-f094a0mk1088,Custom,Approved,WinSecEvents,
ADDS-022 - Possible Resource-Based Constrained Delegation Abuse,"This query identifies Active Directory computer objects modifications that allow an adversary to abuse the Resource-based constrained delegation. This query checks for event id 5136 that the Object Class field is ""computer"" and the LDAP Display Name is ""msDS-AllowedToActOnBehalfOfOtherIdentity"" which is an indicator of Resource-based constrained delegation. Ref: https://shenaniganslabs.io/2019/01/28/Wagging-the-Dog.html",Medium,PT1H,PT1H,NO.,adds892d-ig10-2022-90b7-bea360mk1088,Out of Box,Approved,WinSecEvents,
ADDS-023 - Potential Build Process Compromise,The query looks for source code files being modified immediately after a build process is started. The purpose of this is to look for malicious code injection during the build process. More details: https://techcommunity.microsoft.com/t5/azure-sentinel/monitoring-the-software-supply-chain-with-azure-sentinel/ba-p/2176463,Medium,P1D,P1D,NO.,adds26a3-ux53-2022-b9d6-ba7f46mk1088,Out of Box,Approved,WinSecEvents,
ADDS-024 - Potential Fodhelper UAC Bypass,This detection looks for the steps required to conduct a UAC bypass using Fodhelper.exe. By default this detection looks for the setting of the required registry keys and the invoking of the process within 1 hour - this can be tweaked as required.,Medium,PT2H,PT2H,NO.,addsd0c2-ig10-2022-9ee5-c67926mk1088,Out of Box,Approved,WinSecEvents,
ADDS-025 - Potential Kerberoasting,A service principal name (SPN) is used to uniquely identify a service instance in a Windows environment. Each SPN is usually associated with a service account. Organizations may have used service accounts with weak passwords in their environment. An attacker can try requesting Kerberos ticket-granting service (TGS) service tickets for any SPN from a domain controller (DC) which contains a hash of the Service account. This can then be used for offline cracking. This hunting query looks for accounts that are generating excessive requests to different resources within the last hour compared with the previous 24 hours. Normal users would not make an unusually large number of request within a small time window. This is based on 4769 events which can be very noisy so environment based tweaking might be needed.,Medium,PT1H,P1D,NO.,adds10d3-ux53-2022-a6b8-5819b9mk1088,Out of Box,Approved,WinSecEvents,
ADDS-026 - Potential Remote Desktop Tunneling,"This rule detects remote desktop authentication attempts with a localhost source address, which can indicate a tunneled login. Ref: https://www.mandiant.com/resources/bypassing-network-restrictions-through-rdp-tunneling",Low,PT1H,PT1H,NO.,adds4dee-r2d2-2022-b30f-1fd390mk1088,Custom,Approved,WinSecEvents,
ADDS-027 - Potential re-named sdelete usage,This detection looks for command line parameters associated with the use of Sysinternals sdelete (https://docs.microsoft.com/sysinternals/downloads/sdelete) to delete multiple files on a host's C drive. A threat actor may re-name the tool to avoid detection and then use it for destructive attacks on a host.,Low,PT1H,PT1H,NO.,adds2f00-h029-2022-9e81-cc146dmk1088,Out of Box,Approved,WinSecEvents,
ADDS-028 - Powershell Empire cmdlets seen in command line,"This query identifies use of PowerShell Empire's cmdlets within the command line data of the PowerShell process, indicating potential use of the post-exploitation tool.",Medium,PT1H,PT1H,NO.,adds50fc-bt01-2022-9309-4d7a87mk1088,Out of Box,Approved,WinSecEvents,
ADDS-029 - Process executed from binary hidden in Base64 encoded file,Encoding malicious software is a technique used to obfuscate files from detection. The first CommandLine component is looking for Python decoding base64. The second CommandLine component is looking for Bash/sh command line base64 decoding. The third one is looking for Ruby decoding base64.,Medium,PT30M,PT30M,NO.,5af01850-9147-4691-9281-6138be023899,Out of Box,Approved,WinSecEvents,
ADDS-030 - SDelete Recursive Execution on Windows Host,"This rule evaluates Windows Security Events (Event ID 4688) to identify recursive execution of SDelete on Windows hosts. The rule detects process creation events where sdelete.exe, or a command line containing SDelete, is executed with recursive deletion parameters. SDelete is a secure deletion utility that can overwrite deleted files and make data recovery difficult. When used recursively, it may indicate destructive activity, attempted data wiping, or removal of forensic artifacts. Alert records: - Time when SDelete was executed. - Host where the process was observed. - Account associated with the process execution. - SDelete process name and path. - Parent process name and parent process ID. - Command line used for execution. This activity may indicate an attempt to destroy data, prevent recovery, or remove evidence after compromise.",Medium,PT1H,PT1H,NO.,adds030a-c3p0-0207-2026-cdba65mk1088,Custom,Approved,WinSecEvents,
ADDS-031 - Security Event log cleared,"Checks for event id 1102 which indicates the security event log was cleared. It uses Event Source Name ""Microsoft-Windows-Eventlog"" to avoid generating false positives from other sources, like AD FS servers for instance.",High,NRT,NRT,NO.,adfe8719-mse6-2022-b809-f121f9mk1088,Out of Box,Approved,WinSecEvents,
ADDS-032 - Security descriptor modified on AD object,"This rule evaluates audit events from the SecurityEvent log (Event ID 5136) to detect changes made to the security descriptors of Active Directory objects. It focuses on modifications to the nTSecurityDescriptor attribute, which defines access control for directory objects. The rule compares the old and new values to identify specific access control entries that were added or removed. The detection includes objects such as organizational units, group policies, service accounts, certificate templates, and others that are commonly targeted for unauthorized privilege escalation or persistence. Such modifications can allow adversaries to grant broad access, hide objects, deny administrative control, or weaken auditing. Identifying these changes is critical for detecting abuse of permissions and maintaining the security posture of Active Directory. Alert records: - Time: When the change was made - Object: Distinguished name, object class, and name of the modified item - Initiator: Account name and SID of the user who made the change - Computer: Host where the event occurred - Changed values: Specific access control entries that were added or removed Monitoring this activity supports detection of privilege misuse and helps enforce proper access governance within the domain.",Medium,PT15M,PT15M,NO.,addsb611-c3p0-2004-2023-418111mk1088,Custom,Approved,WinSecEvents,
ADDS-033 - Security Service Registry ACL Modification,"Identifies attempts to modify registry ACL to evade security solutions. In the Solorigate attack, the attackers were found modifying registry permissions so services.exe cannot access the relevant registry keys to start the service. The detection leverages Security Event as well as MDE data to identify when specific security services registry permissions are modified. Only some portions of this detection are related to Solorigate, it also includes coverage for some common tools that perform this activity. Reference on guidance for enabling registry auditing: - https://docs.microsoft.com/windows/security/threat-protection/auditing/advanced-security-auditing-faq - https://docs.microsoft.com/windows/security/threat-protection/auditing/appendix-a-security-monitoring-recommendations-for-many-audit-events - https://docs.microsoft.com/windows/security/threat-protection/auditing/audit-registry - https://docs.microsoft.com/windows/security/threat-protection/auditing/event-4670 - For the event 4670 to be created the audit policy for the registry must have auditing enabled for Write DAC and/or Write Owner - https://github.com/OTRF/Set-AuditRule - https://docs.microsoft.com/dotnet/api/system.security.accesscontrol.registryrights?view=dotnet-plat-ext-5.0",High,PT1H,PT1H,NO.,ad00e135-c3p0-2022-8dbd-5706fbmk1088,Out of Box,Approved,WinSecEvents,
ADDS-034 - Scheduled Task Hide,"The rule evaluates audit events from the SecurityEvent table to detect deletion of the SD (Security Descriptor) value from registry keys under the Schedule\\TaskCache\\Tree hive. This specific action is a known technique used by malware to hide scheduled tasks from visibility tools like Task Scheduler and schtasks /query, making detection and analysis more difficult. The registry operation identified by Event ID 4657 with OperationType %%1906 indicates a deletion of a registry value. When this deletion targets the SD value in scheduled task registry paths, it strongly suggests an evasion attempt through task concealment. Alert Records: - TimeGenerated: When the registry operation occurred. - Computer: Host where the deletion was performed. - HostName / HostDomain: Parsed host and domain information from the Computer name. - ObjectName: The registry key path. - ObjectValueName: Name of the registry value that was deleted (should be “SD”). - OperationType / OperationName: Type of registry action performed. - Initiator / InitiatorSID / InitiatorDomain: Identity details of the user or process performing the action. Monitoring this type of activity is essential for detecting stealth techniques used by advanced threats to maintain persistence and evade detection in Active Directory environments.",High,PT30M,PT30M,"registry auditing must be enabled for HKEY_LOCAL_MACHINE\SOFTWARE\Microsoft\Windows NT\CurrentVersion\Schedule\TaskCache\Tree, and the corresponding audit policies must be properly configured.",ad2b1f9b-ux53-2022-96b6-fadec8mk1088,Custom,Approved,WinSecEvents,
ADDS-035 - Starting or Stopping HealthService to Avoid Detection,This query detects events where an actor is stopping or starting HealthService to disable telemetry collection/detection from the agent. The query requires a SACL to audit for access request to the service.,Medium,P1D,P1D,NO.,d716bafb-ceec-4ecc-a4ad-b368fa73d4df,Out of Box,Approved,WinSecEvents,
ADDS-036 - Successful remote or local logon to Domain Controller,This query detects sucessfull remote or local logon to Domain Controller. Connecting directly to a domain controller should be very rare. All administration should be done through terminal servers or administration tools. Please verify the reason for the event,Medium,PT10M,PT10M,Watchlist DomainControllerList.,addsf7e8-c3p0-0301-2023-b7eee2mk1088,Custom,Approved,WinSecEvents,
ADDS-037 - Use Kerberos encryption with DES algorithm,"The rule check for uses of DES encryption algorithm. DES is a very weak algorithm and once assigned to an account, it can be used in Kerberos ticket requests, even though it is easily cracked. If the attacker cracks the Kerberos ticket, they can steal the token and compromise the user account. It is recommended to disable DES as an encryption algorithm in the user configuration dialog or in the ""msDSSupportedEncryptionTypes"" attribute at LDAP level. It has to be disabled in the property of an account by unchecking the box ""Use Kerberos DES encryption for this account"". References: https://docs.microsoft.com/en-us/services-hub/health/remediation-steps-ad/remove-the-highly-insecure-des-encryption-from-user-accounts https://docs.microsoft.com/en-us/archive/blogs/openspecification/msds-supportedencryptiontypes-episode-1-computer-accounts",Low,P1D,P1D,NO.,adds2774-c3p0-2022-8782-03fde2mk1088,Out of Box,Approved,WinSecEvents,
ADDS-038 - User account Created and Deleted or Enabled and Disabled in short time span,"The rule identifies User Account activities outside of normal identity management processes. When a user account is: - Created and then Deleted in 10 minutes (threshold) - Enabled and then Disabled in 10 minutes (threshold) This can be an indication of compromise and an adversary attempting to hide in the noise. Actions could mean a bad actor is trying to avoid detection by creating/enabling accounts, using them, and then deleting/disabling the account.",Low/Medium/High,PT2H,PT2H20M,NO.,adds698b-r2d2-3005-2023-d1c58fmk1088,Custom,Approved,WinSecEvents,
ADDS-039 - Windows Binaries Executed from Non-Default Directory,"The query detects Windows binaries, that can be executed from a non-default directory (e.g. C:\Windows\, C:\Windows\System32 etc.). Ref: https://lolbas-project.github.io/",Medium,PT1H,PT1H,NO.,ad1d3af3-4lom-2022-a100-eae823mk1088,Out of Box,Approved,WinSecEvents,
ADDS-040 - Windows Built-in Guest Account Modification,"The rule evaluates Security Events related to the modification of the built-in Guest account on Windows systems (SID 501). This type of account is therefore often subject to hardening measures. Control will actually depend on the exact hardening rules but the expected state is that built-in guest accounts are always disabled. The rule globally creates 3 types of alerts: - Account activation - Password change or reset - Other account modifications The Alert records: - Operation - Password Last Set - Initiator - Target Account - Domain Monitoring the built-in Guest account is crucial for security because this account is a common target for unauthorized access attempts and malicious activities. By tracking modifications to this account, we can detect and respond to potential security breaches, ensuring that only authorized changes are made and preventing misuse of the account.",Medium,PT30M,PT30M,NO.,adds5b4f-c3p0-2407-2024-f8f0e2mk1088,Custom,Approved,WinSecEvents,
ADDS-041 - Zinc Actor IOCs files - October 2022,Identifies a match across filename and commandline IOC's related to an actor tracked by Microsoft as Zinc. Reference: https://www.microsoft.com/security/blog/2022/09/29/zinc-weaponizing-open-source-software/,High,PT1H,PT1H,NO.,9eefd09c-0526-4ae4-b4ca-07a5039aa6d4,Out of Box,Approved,WinSecEvents,
ADDS-042 - Member Added to Sensitive Group in Active Directory,"The rule evaluates events where a member is added to a sensitive group in Active Directory. The 'ADCustomPrivilegedGroups' watchlist, containing a list of custom sensitive groups, is crucial for accurate detection. The alert records the following event details: - Name and SID of the target user - Name and SID of the event initiator - Name and SID of the sensitive group Additionally, the rule employs filters to further refine the results, checking for specific conditions such as well-known local and group SIDs, custom sensitive groups, and group names containing variations of finance, HR and other relevant terms. Identifying these events is imperative for proactive surveillance and the subsequent enforcement of tailored security protocols within the Active Directory infrastructure.",Low,PT10M,PT10M,Watchlist ADCustomPrivilegRoles.,adds8b1a-r2d2-1707-2024-177448mk1088,Custom,Approved,WinSecEvents,
ADDS-043 - Possible Obfuscation via ACL Deny Entry in AD,"The rule evaluates audit events from the SecurityEvent table (Event ID 5136) to detect changes to Active Directory object permissions where Deny access control entries (ACEs) have been added. It specifically targets modifications to the nTSecurityDescriptor attribute that may be used to deliberately suppress visibility of directory objects. These Deny entries commonly affect broad security principals such as Everyone and apply to rights like List Content or Full Control, resulting in objects being excluded from standard administrative views, LDAP queries, or security tooling. The rule is intended to identify attempts to conceal Active Directory objects as part of stealth or persistence mechanisms. This behavior is typically associated with adversaries seeking to hide privileged accounts, backdoor groups, or other unauthorized configurations. Alert Records: - Time: When the directory object was modified. - Object: Name, class, and distinguished name (DN) of the modified AD object. - Access Change: A description of the newly added Deny permission. - Initiator: The user or process making the modification, including SID and domain context. Highlighting these ACL changes enables detection of object-level obfuscation techniques designed to evade detection, bypass security controls, or persist within Active Directory environments.",Medium,PT15M,PT15M,NO.,adds0043-c3p0-1703-2025-hide11mk1088,Custom,Approved,WinSecEvents,
ADDS-044 - Unexpected Primary Group Assignment on AD Object,"The rule evaluates audit events from the SecurityEvent table to identify changes to the Primary Group attribute of user (Event ID 4738) or computer (Event ID 4742) objects in Active Directory. The primary group is an attribute stored directly on an account, unlike traditional group memberships which are tracked via group object memberships. This rule flags cases where an object’s primary group is changed to something other than the expected default values (Domain Users for users – ID 513, Domain Computers for computers – ID 515), such as Domain Admins or Enterprise Admins. Such changes are often used as a stealthy method to escalate privileges or hide administrative access, as primary group memberships are not typically reflected in standard group membership queries. This behavior is consistent with techniques used to maintain hidden persistence in Active Directory environments. Alert records: - Time: When the group change occurred. - Target: The object whose primary group was changed, including username and SID. - Initiator: The user who performed the change, including domain and SID. - Primary Group: The new primary group name and its ID. - Computer: The host that processed the change. Monitoring changes to the primary group attribute is essential for detecting hidden privilege escalation and unauthorized group changes that may otherwise go unnoticed in traditional audit mechanisms. This visibility helps uncover potential abuse and maintain integrity in Active Directory environments.",Medium,PT10M,PT10M,NO.,adds0044-r2d2-1703-2025-group1mk1088,Custom,Approved,WinSecEvents,
ADDS-045 - User Account with Empty UPN in Active Directory,"This rule evaluates Windows Security Event logs (Event ID 4720 and 4738) to detect the creation or modification of user accounts without a valid User Principal Name (UPN). These events may occur when a UPN is left empty during account provisioning or intentionally removed during user modifications. Attackers or misconfigured administrative processes may create or alter accounts to exclude UPN values, which can hinder proper authentication, auditability, and directory integration. Such activity may serve as an evasion tactic or indicate identity mismanagement. Monitoring this behavior aligns with the MITRE ATT&CK technique T1136 – Create Account, and is crucial for identifying improper account configuration that may allow unauthorized access or reduce traceability. Alert Records: - Time: When the account creation or modification occurred. - Device: The host on which the change was logged. - Initiator: The user or process responsible for the change, including domain, username, SID, and logon ID. - Target: The account that was created or modified, including username, domain, SID, and UPN value. Identifying user accounts without UPNs is essential, as they may bypass controls designed to track or enforce identity-based access across systems",Medium,PT30M,PT30M,NO.,adds0045-c3p0-0207-2025-upn111mk1088,Custom,Approved,WinSecEvents,
ADDS-046 - Group Policy Object Modification in AD,"This rule evaluates audit events from the SecurityEvent table to identify potentially unauthorized or suspicious modifications of Group Policy Objects (GPOs) within Active Directory environments. The rule analyzes changes at two levels: - File system modifications of GPO templates in SYSVOL (Event ID 4663) - Directory service object changes related to Group Policy (Event IDs 5136 and 5141) Activities are flagged when modifications are observed only at the SYSVOL level without corresponding updates in directory services, which is highly suspicious and may indicate tampering or bypass of proper policy management. Legitimate GPO changes should always involve both layers of synchronization. This monitoring aligns with the MITRE ATT&CK technique T1484.001 – Domain Policy Modification and is critical for detecting potential tampering with security settings, lateral movement preparations, or persistence mechanisms by adversaries. Alert Records: - Time: Timestamp of the GPO modification activity - GPO Name and ID: Retrieved from the watchlist - Computer: The domain controller where the activity was logged - Process: The process name initiating the activity - Initiator: Domain and username (SID) of the account that performed the action - GPO Object Details: Including GUID, DN, status (Created/Edited/Deleted), and modified properties - Operation: Type of modification (Write or Delete) - Severity: Determined based on whether directory synchronization was missing Monitoring these activities is crucial for detecting unauthorized changes that could alter domain security policies. Isolated file-level modifications of GPOs without corresponding directory updates are rare and often signify malicious intent.",Medium / High,PT30M,PT30H,Watchlist GPO + NTFS auditing on the folder: %SystemRoot%\SYSVOL\domain\Policies.,adds0046-r2d2-1407-2025-gpo111mk1088,Custom,Approved,WinSecEvents,
ADDS-047 - Pass The Hash Activity via NTLM Authentication,"The rule evaluates SecurityEvent logs (Event ID 4624) and Microsoft Defender for Endpoint (MDE) DeviceLogonEvents to identify potential Pass-the-Hash (PtH) activity. It correlates interactive or RDP logons on a source device with subsequent NTLM network logons (LogonType 3) from the same device within a defined correlation window (default 8h). Suspicious behavior is identified when a user (User A) successfully logs on interactively/RDP to a device (SourceHost) and, within the correlation window, the same device initiates an NTLM network logon to a different device (TargetHost) under a different account (User B). This mismatch between the locally authenticated user and the account used for network authentication strongly suggests the use of stolen password hashes. Such behavior may indicate that an attacker has obtained password hashes from a compromised host and is reusing them to authenticate against other systems, enabling lateral movement without needing the plaintext password. Alert records: - Time: When the NTLM authentication occurred. - Source Host: The device from which the NTLM logon originated. - Source IP: IP address of the source host. - Authenticated Account: Account used for the interactive/RDP logon on the source device. - Target Host: The device receiving the NTLM logon. - Target Account: The account being authenticated against on the target device. - Logon Types: Details of both the interactive/RDP logon and the NTLM network logon observed. Monitoring this activity aligns with the MITRE ATT&CK technique T1550.002 – Use Alternate Authentication Material: Pass the Hash and is critical for detecting lateral movement and compromised account usage in Windows environments.",Medium,PT1H,PT8H,MDE. SecurityEvent ID 4624. whitelist of multihost sources and targets.,win6sec8-r2d2-1109-2025-pth000mk1088,Custom,Approved,WinSecEvents,
ADDS-048 - Active Directory SIDHistory Injection,"This rule evaluates audit events from the SecurityEvent table to identify additions to the sIDHistory attribute in Active Directory. The rule detects Event ID 5136 where the sIDHistory attribute was added. It also checks whether the injected SID matches privileged or otherwise critical security identifiers, such as Domain Admins, Enterprise Admins, or the built-in Administrator account. Attackers may abuse SIDHistory injection to assign elevated privileges to an account and gain unauthorized access across the domain or forest. This technique is commonly associated with privilege escalation, persistence, and stealthy abuse of Active Directory trust relationships. Alert records: - Time: Timestamp of the modification - Initiator account details - Target Account details - Injected SID details Monitoring this activity is important because unauthorized SIDHistory changes may allow an attacker to inherit privileged access without being directly added to sensitive groups.",High / Low,PT30M,PT30M,Security Event ID (5136).,win6sec8-c3p0-2603-2026-sidin0mk1088,Custom,Approved,WinSecEvents,
ADDS-049 - Active Directory Rogue DC Registration (DCShadow),"This rule evaluates audit events from the SecurityEvent table to identify the creation or modification of Active Directory objects related to Domain Controller registration. The rule detects Event ID 5137 and Event ID 5136 with the AddValue operation for objects of class nTDSDSA or server under the CN=Sites container. These events may indicate that a system was registered as a Domain Controller in Active Directory. Such activity is highly uncommon during standard Active Directory operations and may indicate rogue Domain Controller registration or the DCShadow technique, where an attacker registers a temporary Domain Controller to introduce unauthorized directory changes through replication. This may include ACL modification, group membership changes, or SIDHistory manipulation. Alert records: - Time of the last related event - Initiator details - Target details - Modified attributes related to the registration Monitoring this activity is important because unauthorized Domain Controller registration may allow an attacker to replicate malicious directory changes and compromise the integrity of Active Directory.",High,PT15M,PT15M,"Security Event ID (5136, 5137).",666ad562-r2d2-2703-2026-dc5ha4mk1088,Custom,Approved,WinSecEvents,
ADDS-050 - LSASS Credential Dumping Activity on Windows Endpoint,"TThis rule evaluates Windows Security Events (Event ID 4688) and DeviceProcessEvents from Microsoft Defender for Endpoint (MDE) to identify suspicious process executions associated with LSASS credential dumping activity on Windows endpoints. The rule detects known tools and command-line patterns commonly used to access or dump LSASS memory, including Mimikatz, SafetyKatz, ProcDump, NanoDump, PPLDump, LSASSY, PyPyKatz, PowerSploit Out-Minidump, Task Manager dump activity, and rundll32 execution of comsvcs.dll MiniDump functionality. Alert records: - Time when the suspicious process execution was observed. - Windows endpoint where the activity occurred. - Account associated with the suspicious process execution. - Process name, process path, and command line related to the detected activity. - Classified LSASS dumping technique or tool identified by the rule. - Process hash, where available. Attackers may attempt to dump LSASS memory to extract credentials, password hashes, Kerberos tickets, or other authentication material that could be used for privilege escalation, lateral movement, or further compromise.",High,PT15M,PT15M,Security Event ID (4688) MDE (DeviceProcessEvents).,666ad562-c3p0-1105-2026-dump14mk1088,Custom,Approved,WinSecEvents,
ADDS-051 - KrbRelayUp Local Privilege Escalation,This rule evaluates Windows Security Events from AD Domain Controllers to identify suspicious activity associated with potential KrbRelayUp local privilege escalation. The rule correlates the creation of a new AD computer object with a later addition of sensitive delegation or key credential attributes on a computer object. It monitors Event ID 5137 for computer object creation and Event ID 5136 for added values in msDS-AllowedToActOnBehalfOfOtherIdentity or msDS-KeyCredentialLink. Alert records: - Created computer object and target computer object. - Account that created the computer object. - Account that modified the sensitive attribute. - Modified attribute and related technique classification. - Time difference between object creation and attribute modification. - Correlation reason explaining why the events were linked. This activity may indicate preparation or execution of a KrbRelayUp-like privilege escalation chain. Attackers may create or use a machine account and then configure Resource-Based Constrained Delegation (RBCD) or Shadow Credentials to gain elevated access to a domain-joined computer.,Medium,PT1H,P1D,"Security Event ID (5136, 5137) watchlist (PrivilegedAccounts).",666ad563-c3p0-1905-2026-krb114mk1088,Custom,Approved,WinSecEvents,
Audit policy manipulation using auditpol utility,"This detects attempt to manipulate audit policies using auditpol command. This technique was seen in relation to Solorigate attack but the results can indicate potential malicious activity used in different attacks. The process name in each data source is commented out as an adversary could rename it. It is advisable to keep process name commented but if the results show unrelated false positives, users may want to uncomment it. Refer to auditpol syntax: https://docs.microsoft.com/windows-server/administration/windows-commands/auditpol Refer to our M365 blog for details on use during the Solorigate attack: https://www.microsoft.com/security/blog/2021/01/20/deep-dive-into-the-solorigate-second-stage-activation-from-sunburst-to-teardrop-and-raindrop/",Medium,P1D,P1D,NO.,795d424c-bba5-4de8-a115-d86e2d8c3924,Out of Box,No,WinSecEvents,
Email access via active sync,"This query detects attempts to add attacker devices as allowed IDs for active sync using the Set-CASMailbox command. This technique was seen in relation to Solorigate attack but the results can indicate potential malicious activity used in different attacks. - Note that this query can be changed to use the KQL ""has_all"" operator, which hasn't yet been documented officially, but will be soon. In short, ""has_all"" will only match when the referenced field has all strings in the list. - Refer to Set-CASMailbox syntax: https://docs.microsoft.com/powershell/module/exchange/set-casmailbox?view=exchange-ps",Medium,P1D,P1D,NO.,90986d81-9d14-4d43-b7a5-85676a35fdd0,Out of Box,No,WinSecEvents,
Exchange OAB Virtual Directory Attribute Containing Potential Webshell,This query uses Windows Event ID 5136 in order to detect potential webshell deployment by exploitation of CVE-2021-27065. This query looks for changes to the InternalHostName or ExternalHostName properties of Exchange OAB Virtual Directory objects in AD Directory Services where the new objects contain potential webshell objects. Ref: https://aka.ms/ExchangeVulns,High,PT1H,PT1H,NO.,a6b1575d-4a83-488c-93ec-5551c0bce0dc,Out of Box,No,WinSecEvents,
Malware in the recycle bin,The query detects Windows binaries that can be used for executing malware and have been hidden in the recycle bin. The list of these binaries is sourced from https://lolbas-project.github.io/ References: https://azure.microsoft.com/blog/how-azure-security-center-helps-reveal-a-cyberattack/.,Medium,PT1H,PT1H,NO.,5798a325-e855-4ca2-ae4c-ef09d670e476,Out of Box,maybe,WinSecEvents,
Service Principal Name (SPN) Assigned to User Account,"This query identifies whether a Active Directory user object was assigned a service principal name which could indicate that an adversary is preparing for performing Kerberoasting. This query checks for event id 5136 that the Object Class field is ""user"" and the LDAP Display Name is ""servicePrincipalName"". Ref: https://thevivi.net/assets/docs/2019/theVIVI-AD-Security-Workshop_AfricaHackon2019.pdf",Medium,PT1H,PT1H,NO.,ad2a7c86-ux53-2022-a84a-5248a6mk1088,Out of Box,No,WinSecEvents,
ZYXL-001 - Missing Zyxel Audit Logs from Network Device,"The rule evaluates audit events from the Zyxel_CL table to identify Zyxel devices that have stopped sending log events to Microsoft Sentinel. It analyzes log delivery continuity across all monitored Zyxel systems and flags those that have not sent any logs in the last 120 minutes (configurable threshold) despite activity in the preceding 12-hour observation window. Such gaps in audit logging may indicate potential issues like network misconfiguration, logging service failure, intentional log suppression, or device compromise. Maintaining consistent log flow is critical to ensuring visibility into network security events and supporting incident investigation and compliance efforts. Alert Records: - Device: Name, vendor, product type, and external ID of the Fortinet device. - Time: Timestamp of the last received log from the device. - Time Since Last Log: Human-readable time duration since the last log. - Log Count: Total logs received in the previous 12 hours. - System: Hostname or IP address from which the log was last received. Monitoring for interruptions in Fortinet audit log ingestion helps quickly detect and respond to blind spots in log coverage, ensuring the reliability of detection mechanisms and forensic capabilities.",Low,PT2H,PT12H,NO.,zyxl001x-hk47-1002-2026-log271mk1088,Custom,Approved,Zyxel,
ZYXL-002 - Zyxel Device Firmware Version Change,"The rule evaluates audit events from the Zyxel_CL table to detect firmware version changes on Zyxel devices. It identifies and classifies version changes as either an upgrade or downgrade. Firmware downgrades can be a sign of an attempt to exploit older vulnerabilities or bypass newly introduced security mechanisms. Such actions may be initiated by unauthorized administrators or attackers with access to device management. While upgrades are typically legitimate and informational in nature, downgrades pose a potential risk and should be carefully investigated. Alert records: - Time: When the firmware change was initiated. - Device: The name or external ID of the affected device. - Operation: Classification of the event as an ""Upgrade"" or ""Downgrade"". - Version Info: Original and new firmware versions involved in the change. Monitoring firmware version changes is critical to ensuring device integrity, preventing rollback attacks, and maintaining a secure network posture. This rule helps surface unexpected or potentially risky firmware activities.",Low / High,PT30M,PT30M,NO.,zyxl002x-r2d2-1202-2026-log272mk1088,Custom,Approved,Zyxel,
ZYXL-003 - Zyxel User Account Management,"This rule evaluates audit events from the Zyxel_CL table collected via the Zyxel (CEF via AMA) connector to identify user account management activity on Zyxel devices. It detects events where a user account is created, deleted, or modified. Such activity may be legitimate, but it can also indicate unauthorized privileged access, account misuse, or an attempt to establish persistence on the device. Alert records: - Time: When the activity occurred. - Action: The account action performed, such as created, deleted, or changed. - Target account: The administrator username and user type. - Initiator: The account associated with the action. - Source: The originating IP address and derived location. - Device: The Zyxel device name, product, version, and external device ID. Monitoring this activity is important because administrator account changes on network devices can affect privileged access and device security. Early visibility helps identify unauthorized changes and supports timely investigation.",High / Low,PT10M,PT10M,NO.,zyxl003x-c3p0-0804-2026-log273mk1088,Custom,Approved,Zyxel,
ZYXL-004 - Brute-force Activity on Zyxel Device,"This rule evaluates audit events from the Zyxel_CL table collected through the Zyxel (CEF via AMA) connector to detect brute-force activity against Zyxel devices. The rule identifies multiple failed login attempts against the same account from the same IP address within a defined time window. It also checks whether the failed attempts were followed by a successful login, which may indicate that valid credentials were guessed and used to access the device. Attackers may abuse exposed management interfaces or weak credentials to gain unauthorized access to network devices. Alert records: - Times of events. - Initiator details and IP address and location - Number of failed logins in the time window. - Login method. - Zyxel device name and external ID. Monitoring this activity is important because repeated failed logins, especially when followed by a successful authentication, may indicate unauthorized access to a network device.",High / Low,PT1H,PT1H,NO.,zyxl004x-c3p0-1004-2026-log274mk1088,Custom,Approved,Zyxel,
ZYXL-005 - Zyxel Firewall Configuration Changed,"This rule evaluates audit events from the Zyxel_CL table to identify configuration changes on Zyxel firewall devices, including firewall settings, policies, interfaces, NAT rules, access control rules, or other configuration items. These changes may be legitimate administrative actions, but they can also indicate unauthorized activity, misconfiguration, or malicious manipulation of network security controls. Attackers or malicious insiders may attempt to modify firewall configurations to weaken security enforcement, allow unauthorized traffic, expose internal services, disable protections, or create paths for persistence and lateral movement. Monitoring these events helps identify potentially risky changes that could affect the organization’s network security posture. Alert records: - When the configuration change occurred. - The account or entity associated with the configuration change, if available. -The affected configuration type, name, or ID, such as access control, NAT, interface, or policy route. - The IP address from which the activity originated, including whether it is private or public and location. - Zyxel device details, including product, version, external ID, and vendor. Monitoring Zyxel firewall configuration changes is critical for maintaining network security, ensuring accountability, and identifying unauthorized or potentially harmful modifications to perimeter security controls.",Medium,PT30M,PT30M,NO.,zyxl005x-r2d2-0705-2026-log275mk1088,Custom,Approved,Zyxel,
